filename,true_label,pred_label
Benign/6342.jpg,Benign,Malignant
Benign/6329.jpg,Benign,Malignant
Benign/6325.jpg,Benign,Malignant
Benign/6313.jpg,Benign,Malignant
Benign/6318.jpg,Benign,Malignant
Benign/6335.jpg,Benign,Malignant
Benign/6346.jpg,Benign,Malignant
Benign/6337.jpg,Benign,Malignant
Benign/6316.jpg,Benign,Malignant
Benign/6309.jpg,Benign,Malignant
Benign/6343.jpg,Benign,Malignant
Benign/6344.jpg,Benign,Malignant
Benign/6322.jpg,Benign,Malignant
Benign/6317.jpg,Benign,Malignant
Benign/6321.jpg,Benign,Malignant
Benign/6307.jpg,Benign,Malignant
Benign/6319.jpg,Benign,Malignant
Benign/6341.jpg,Benign,Malignant
Benign/6333.jpg,Benign,Malignant
Benign/6305.jpg,Benign,Malignant
Benign/6303.jpg,Benign,Malignant
Benign/6301.jpg,Benign,Malignant
Benign/6312.jpg,Benign,Malignant
Benign/6299.jpg,Benign,Malignant
Benign/6522.jpg,Benign,Malignant
Benign/6936.jpg,Benign,Unknown
Benign/6600.jpg,Benign,Malignant
Benign/7110.jpg,Benign,Malignant
Benign/6460.jpg,Benign,Malignant
Benign/7053.jpg,Benign,Malignant
Benign/7116.jpg,Benign,Malignant
Benign/6537.jpg,Benign,Malignant
Benign/6805.jpg,Benign,Malignant
Benign/7213.jpg,Benign,Malignant
Benign/7223.jpg,Benign,Malignant
Benign/6589.jpg,Benign,Malignant
Benign/6650.jpg,Benign,Malignant
Benign/7072.jpg,Benign,Malignant
Benign/6814.jpg,Benign,Malignant
Benign/6442.jpg,Benign,Malignant
Benign/6842.jpg,Benign,Malignant
Benign/6483.jpg,Benign,Malignant
Benign/7185.jpg,Benign,Malignant
Benign/6502.jpg,Benign,Malignant
Benign/6385.jpg,Benign,Malignant
Benign/6689.jpg,Benign,Malignant
Benign/6577.jpg,Benign,Malignant
Benign/6844.jpg,Benign,Malignant
Benign/7298.jpg,Benign,Malignant
Benign/7138.jpg,Benign,Malignant
Benign/7182.jpg,Benign,Malignant
Benign/6636.jpg,Benign,Malignant
Benign/7189.jpg,Benign,Malignant
Benign/7142.jpg,Benign,Malignant
Benign/7050.jpg,Benign,Malignant
Benign/6831.jpg,Benign,Malignant
Benign/7015.jpg,Benign,Malignant
Benign/6484.jpg,Benign,Malignant
Benign/6876.jpg,Benign,Malignant
Benign/7034.jpg,Benign,Malignant
Benign/7178.jpg,Benign,Malignant
Benign/6706.jpg,Benign,Malignant
Benign/6937.jpg,Benign,Malignant
Benign/7205.jpg,Benign,Unknown
Benign/6632.jpg,Benign,Malignant
Benign/7088.jpg,Benign,Malignant
Benign/6440.jpg,Benign,Malignant
Benign/7051.jpg,Benign,Malignant
Benign/7115.jpg,Benign,Malignant
Benign/6765.jpg,Benign,Malignant
Benign/6978.jpg,Benign,Malignant
Benign/7206.jpg,Benign,Malignant
Benign/6520.jpg,Benign,Malignant
Benign/7214.jpg,Benign,Malignant
Benign/6902.jpg,Benign,Malignant
Benign/7259.jpg,Benign,Malignant
Benign/6873.jpg,Benign,Malignant
Benign/6465.jpg,Benign,Malignant
Benign/6903.jpg,Benign,Malignant
Benign/7238.jpg,Benign,Malignant
Benign/6593.jpg,Benign,Malignant
Benign/6855.jpg,Benign,Malignant
Benign/7013.jpg,Benign,Malignant
Benign/6714.jpg,Benign,Malignant
Benign/7170.jpg,Benign,Malignant
Benign/6519.jpg,Benign,Malignant
Benign/6707.jpg,Benign,Malignant
Benign/7239.jpg,Benign,Malignant
Benign/6551.jpg,Benign,Malignant
Benign/6674.jpg,Benign,Malignant
Benign/6359.jpg,Benign,Malignant
Benign/7252.jpg,Benign,Malignant
Benign/6637.jpg,Benign,Malignant
Benign/6384.jpg,Benign,Malignant
Benign/6362.jpg,Benign,Malignant
Benign/6602.jpg,Benign,Malignant
Benign/6617.jpg,Benign,Malignant
Benign/6861.jpg,Benign,Malignant
Benign/6564.jpg,Benign,Malignant
Benign/6458.jpg,Benign,Malignant
Benign/7158.jpg,Benign,Malignant
Benign/6431.jpg,Benign,Malignant
Benign/6568.jpg,Benign,Malignant
Benign/7117.jpg,Benign,Malignant
Benign/6932.jpg,Benign,Malignant
Benign/6895.jpg,Benign,Malignant
Benign/7028.jpg,Benign,Malignant
Benign/6959.jpg,Benign,Malignant
Benign/6918.jpg,Benign,Malignant
Benign/6947.jpg,Benign,Malignant
Benign/6461.jpg,Benign,Malignant
Benign/6877.jpg,Benign,Malignant
Benign/6459.jpg,Benign,Malignant
Benign/7041.jpg,Benign,Malignant
Benign/6470.jpg,Benign,Malignant
Benign/6434.jpg,Benign,Malignant
Benign/6417.jpg,Benign,Malignant
Benign/7014.jpg,Benign,Malignant
Benign/6642.jpg,Benign,Malignant
Benign/6390.jpg,Benign,Malignant
Benign/6614.jpg,Benign,Malignant
Benign/7183.jpg,Benign,Malignant
Benign/6482.jpg,Benign,Malignant
Benign/6418.jpg,Benign,Malignant
Benign/6681.jpg,Benign,Malignant
Benign/6933.jpg,Benign,Malignant
Benign/6558.jpg,Benign,Malignant
Benign/6613.jpg,Benign,Malignant
Benign/6803.jpg,Benign,Malignant
Benign/6910.jpg,Benign,Malignant
Benign/6705.jpg,Benign,Malignant
Benign/7273.jpg,Benign,Malignant
Benign/6924.jpg,Benign,Malignant
Benign/7079.jpg,Benign,Malignant
Benign/6570.jpg,Benign,Malignant
Benign/6569.jpg,Benign,Malignant
Benign/6371.jpg,Benign,Malignant
Benign/7025.jpg,Benign,Malignant
Benign/7059.jpg,Benign,Malignant
Benign/7167.jpg,Benign,Malignant
Benign/7181.jpg,Benign,Malignant
Benign/6961.jpg,Benign,Malignant
Benign/6348.jpg,Benign,Malignant
Benign/6874.jpg,Benign,Malignant
Benign/7271.jpg,Benign,Malignant
Benign/7248.jpg,Benign,Malignant
Benign/6576.jpg,Benign,Malignant
Benign/6629.jpg,Benign,Malignant
Benign/6829.jpg,Benign,Malignant
Benign/6673.jpg,Benign,Malignant
Benign/6952.jpg,Benign,Malignant
Benign/6859.jpg,Benign,Malignant
Benign/6666.jpg,Benign,Malignant
Benign/7140.jpg,Benign,Malignant
Benign/6574.jpg,Benign,Malignant
Benign/7047.jpg,Benign,Malignant
Benign/7060.jpg,Benign,Malignant
Benign/7234.jpg,Benign,Malignant
Benign/7242.jpg,Benign,Malignant
Benign/6934.jpg,Benign,Malignant
Benign/6720.jpg,Benign,Malignant
Benign/6881.jpg,Benign,Malignant
Benign/6777.jpg,Benign,Malignant
Benign/6930.jpg,Benign,Malignant
Benign/6757.jpg,Benign,Malignant
Benign/7052.jpg,Benign,Malignant
Benign/6423.jpg,Benign,Malignant
Benign/6733.jpg,Benign,Malignant
Benign/6657.jpg,Benign,Malignant
Benign/7166.jpg,Benign,Malignant
Benign/6579.jpg,Benign,Malignant
Benign/6820.jpg,Benign,Malignant
Benign/6356.jpg,Benign,Malignant
Benign/7155.jpg,Benign,Malignant
Benign/7173.jpg,Benign,Malignant
Benign/6846.jpg,Benign,Malignant
Benign/7231.jpg,Benign,Malignant
Benign/6680.jpg,Benign,Malignant
Benign/6563.jpg,Benign,Malignant
Benign/7136.jpg,Benign,Malignant
Benign/6896.jpg,Benign,Malignant
Benign/6976.jpg,Benign,Malignant
Benign/6401.jpg,Benign,Malignant
Benign/6883.jpg,Benign,Malignant
Benign/6752.jpg,Benign,Malignant
Benign/6609.jpg,Benign,Malignant
Benign/6421.jpg,Benign,Malignant
Benign/6709.jpg,Benign,Malignant
Benign/7100.jpg,Benign,Malignant
Benign/6547.jpg,Benign,Malignant
Benign/6363.jpg,Benign,Malignant
Benign/6383.jpg,Benign,Malignant
Benign/6615.jpg,Benign,Malignant
Benign/6866.jpg,Benign,Malignant
Benign/7148.jpg,Benign,Malignant
Benign/7096.jpg,Benign,Malignant
Benign/6919.jpg,Benign,Malignant
Benign/6631.jpg,Benign,Malignant
Benign/6799.jpg,Benign,Malignant
Benign/6647.jpg,Benign,Malignant
Benign/6728.jpg,Benign,Malignant
Benign/7122.jpg,Benign,Malignant
Benign/6426.jpg,Benign,Malignant
Benign/7104.jpg,Benign,Malignant
Benign/7121.jpg,Benign,Malignant
Benign/7154.jpg,Benign,Malignant
Benign/6762.jpg,Benign,Malignant
Benign/6585.jpg,Benign,Malignant
Benign/7130.jpg,Benign,Malignant
Benign/7045.jpg,Benign,Malignant
Benign/6775.jpg,Benign,Malignant
Benign/6792.jpg,Benign,Malignant
Benign/6702.jpg,Benign,Malignant
Benign/6942.jpg,Benign,Malignant
Benign/7097.jpg,Benign,Malignant
Benign/7035.jpg,Benign,Malignant
Benign/6661.jpg,Benign,Malignant
Benign/6508.jpg,Benign,Malignant
Benign/6701.jpg,Benign,Malignant
Benign/6916.jpg,Benign,Malignant
Benign/6675.jpg,Benign,Malignant
Benign/7069.jpg,Benign,Malignant
Benign/6756.jpg,Benign,Malignant
Benign/6480.jpg,Benign,Malignant
Benign/6974.jpg,Benign,Malignant
Benign/7086.jpg,Benign,Malignant
Benign/6847.jpg,Benign,Malignant
Benign/7124.jpg,Benign,Malignant
Benign/7236.jpg,Benign,Malignant
Benign/7263.jpg,Benign,Unknown
Benign/6658.jpg,Benign,Malignant
Benign/6798.jpg,Benign,Malignant
Benign/6958.jpg,Benign,Malignant
Benign/7095.jpg,Benign,Malignant
Benign/6394.jpg,Benign,Malignant
Benign/6404.jpg,Benign,Malignant
Benign/6601.jpg,Benign,Malignant
Benign/6835.jpg,Benign,Malignant
Benign/6646.jpg,Benign,Malignant
Benign/6628.jpg,Benign,Malignant
Benign/7196.jpg,Benign,Malignant
Benign/7199.jpg,Benign,Malignant
Benign/6980.jpg,Benign,Malignant
Benign/7098.jpg,Benign,Malignant
Benign/7024.jpg,Benign,Malignant
Benign/6621.jpg,Benign,Malignant
Benign/7119.jpg,Benign,Malignant
Benign/6457.jpg,Benign,Malignant
Benign/7254.jpg,Benign,Malignant
Benign/6667.jpg,Benign,Malignant
Benign/6500.jpg,Benign,Malignant
Benign/6914.jpg,Benign,Malignant
Benign/6865.jpg,Benign,Malignant
Benign/7040.jpg,Benign,Malignant
Benign/6428.jpg,Benign,Malignant
Benign/7032.jpg,Benign,Malignant
Benign/6557.jpg,Benign,Malignant
Benign/6950.jpg,Benign,Malignant
Benign/6545.jpg,Benign,Malignant
Benign/6652.jpg,Benign,Malignant
Benign/7064.jpg,Benign,Malignant
Benign/6670.jpg,Benign,Malignant
Benign/7191.jpg,Benign,Malignant
Benign/6452.jpg,Benign,Malignant
Benign/6826.jpg,Benign,Malignant
Benign/7009.jpg,Benign,Malignant
Benign/6592.jpg,Benign,Malignant
Benign/6880.jpg,Benign,Malignant
Benign/7210.jpg,Benign,Malignant
Benign/6415.jpg,Benign,Malignant
Benign/7038.jpg,Benign,Unknown
Benign/7135.jpg,Benign,Malignant
Benign/6409.jpg,Benign,Malignant
Benign/6634.jpg,Benign,Malignant
Benign/7221.jpg,Benign,Malignant
Benign/7099.jpg,Benign,Malignant
Benign/7004.jpg,Benign,Malignant
Benign/6544.jpg,Benign,Malignant
Benign/6912.jpg,Benign,Malignant
Benign/6416.jpg,Benign,Malignant
Benign/6515.jpg,Benign,Malignant
Benign/6770.jpg,Benign,Malignant
Benign/6911.jpg,Benign,Malignant
Benign/7049.jpg,Benign,Malignant
Benign/7043.jpg,Benign,Malignant
Benign/6471.jpg,Benign,Malignant
Benign/6727.jpg,Benign,Malignant
Benign/7172.jpg,Benign,Malignant
Benign/6575.jpg,Benign,Malignant
Benign/7105.jpg,Benign,Malignant
Benign/7175.jpg,Benign,Malignant
Benign/6542.jpg,Benign,Malignant
Benign/6893.jpg,Benign,Malignant
Benign/6992.jpg,Benign,Malignant
Benign/6793.jpg,Benign,Malignant
Benign/6839.jpg,Benign,Malignant
Benign/6685.jpg,Benign,Malignant
Benign/6693.jpg,Benign,Malignant
Benign/7020.jpg,Benign,Malignant
Benign/6824.jpg,Benign,Malignant
Benign/7208.jpg,Benign,Malignant
Benign/6804.jpg,Benign,Malignant
Benign/7289.jpg,Benign,Malignant
Benign/7067.jpg,Benign,Malignant
Benign/7284.jpg,Benign,Malignant
Benign/6716.jpg,Benign,Malignant
Benign/6915.jpg,Benign,Malignant
Benign/7144.jpg,Benign,Malignant
Benign/7261.jpg,Benign,Malignant
Benign/6729.jpg,Benign,Malignant
Benign/6671.jpg,Benign,Malignant
Benign/6694.jpg,Benign,Malignant
Benign/7279.jpg,Benign,Malignant
Benign/6399.jpg,Benign,Malignant
Benign/7150.jpg,Benign,Malignant
Benign/6594.jpg,Benign,Malignant
Benign/6353.jpg,Benign,Malignant
Benign/6375.jpg,Benign,Malignant
Benign/7089.jpg,Benign,Malignant
Benign/7184.jpg,Benign,Malignant
Benign/6892.jpg,Benign,Malignant
Benign/6441.jpg,Benign,Malignant
Benign/7235.jpg,Benign,Malignant
Benign/6734.jpg,Benign,Malignant
Benign/7240.jpg,Benign,Malignant
Benign/7132.jpg,Benign,Malignant
Benign/6867.jpg,Benign,Malignant
Benign/6518.jpg,Benign,Malignant
Benign/6955.jpg,Benign,Malignant
Benign/7005.jpg,Benign,Malignant
Benign/6580.jpg,Benign,Malignant
Benign/6477.jpg,Benign,Malignant
Benign/6677.jpg,Benign,Malignant
Benign/7039.jpg,Benign,Malignant
Benign/6437.jpg,Benign,Malignant
Benign/6781.jpg,Benign,Malignant
Benign/6550.jpg,Benign,Malignant
Benign/6908.jpg,Benign,Malignant
Benign/6889.jpg,Benign,Malignant
Benign/6635.jpg,Benign,Malignant
Benign/6926.jpg,Benign,Malignant
Benign/6360.jpg,Benign,Malignant
Benign/7021.jpg,Benign,Malignant
Benign/6664.jpg,Benign,Malignant
Benign/6454.jpg,Benign,Malignant
Benign/6449.jpg,Benign,Malignant
Benign/7276.jpg,Benign,Malignant
Benign/7083.jpg,Benign,Malignant
Benign/6367.jpg,Benign,Malignant
Benign/6764.jpg,Benign,Malignant
Benign/7152.jpg,Benign,Malignant
Benign/6662.jpg,Benign,Malignant
Benign/6349.jpg,Benign,Malignant
Benign/6871.jpg,Benign,Malignant
Benign/6687.jpg,Benign,Malignant
Benign/6560.jpg,Benign,Malignant
Benign/6351.jpg,Benign,Malignant
Benign/6424.jpg,Benign,Malignant
Benign/6856.jpg,Benign,Malignant
Benign/7293.jpg,Benign,Malignant
Benign/6979.jpg,Benign,Malignant
Benign/6453.jpg,Benign,Malignant
Benign/6521.jpg,Benign,Malignant
Benign/6858.jpg,Benign,Malignant
Benign/6445.jpg,Benign,Malignant
Benign/6364.jpg,Benign,Malignant
Benign/6711.jpg,Benign,Malignant
Benign/6927.jpg,Benign,Malignant
Benign/6427.jpg,Benign,Malignant
Benign/6715.jpg,Benign,Malignant
Benign/6828.jpg,Benign,Malignant
Benign/7077.jpg,Benign,Malignant
Benign/6879.jpg,Benign,Malignant
Benign/7008.jpg,Benign,Malignant
Benign/6525.jpg,Benign,Malignant
Benign/6819.jpg,Benign,Malignant
Benign/6392.jpg,Benign,Malignant
Benign/6732.jpg,Benign,Malignant
Benign/6724.jpg,Benign,Unknown
Benign/6620.jpg,Benign,Malignant
Benign/6407.jpg,Benign,Malignant
Benign/6988.jpg,Benign,Malignant
Benign/6870.jpg,Benign,Malignant
Benign/6925.jpg,Benign,Malignant
Benign/7243.jpg,Benign,Malignant
Benign/6806.jpg,Benign,Malignant
Benign/7168.jpg,Benign,Malignant
Benign/6994.jpg,Benign,Malignant
Benign/7145.jpg,Benign,Malignant
Benign/7065.jpg,Benign,Malignant
Benign/6626.jpg,Benign,Malignant
Benign/6928.jpg,Benign,Malignant
Benign/6573.jpg,Benign,Malignant
Benign/7275.jpg,Benign,Malignant
Benign/6672.jpg,Benign,Malignant
Benign/7274.jpg,Benign,Malignant
Benign/7280.jpg,Benign,Malignant
Benign/6776.jpg,Benign,Malignant
Benign/6813.jpg,Benign,Malignant
Benign/6485.jpg,Benign,Malignant
Benign/7137.jpg,Benign,Malignant
Benign/7084.jpg,Benign,Malignant
Benign/6476.jpg,Benign,Malignant
Benign/6559.jpg,Benign,Malignant
Benign/6827.jpg,Benign,Malignant
Benign/7186.jpg,Benign,Malignant
Benign/6708.jpg,Benign,Malignant
Benign/7253.jpg,Benign,Malignant
Benign/6649.jpg,Benign,Malignant
Benign/7018.jpg,Benign,Malignant
Benign/6479.jpg,Benign,Malignant
Benign/6516.jpg,Benign,Malignant
Benign/6864.jpg,Benign,Malignant
Benign/6825.jpg,Benign,Malignant
Benign/7006.jpg,Benign,Malignant
Benign/7267.jpg,Benign,Malignant
Benign/6985.jpg,Benign,Malignant
Benign/6526.jpg,Benign,Malignant
Benign/7085.jpg,Benign,Malignant
Benign/7112.jpg,Benign,Malignant
Benign/6372.jpg,Benign,Malignant
Benign/6466.jpg,Benign,Malignant
Benign/6922.jpg,Benign,Malignant
Benign/7027.jpg,Benign,Malignant
Benign/7282.jpg,Benign,Malignant
Benign/7296.jpg,Benign,Malignant
Benign/6686.jpg,Benign,Malignant
Benign/7094.jpg,Benign,Malignant
Benign/6981.jpg,Benign,Malignant
Benign/7229.jpg,Benign,Malignant
Benign/6597.jpg,Benign,Malignant
Benign/6468.jpg,Benign,Malignant
Benign/6773.jpg,Benign,Malignant
Benign/6939.jpg,Benign,Malignant
Benign/6767.jpg,Benign,Malignant
Benign/7294.jpg,Benign,Malignant
Benign/6755.jpg,Benign,Malignant
Benign/7046.jpg,Benign,Malignant
Benign/7247.jpg,Benign,Malignant
Benign/6467.jpg,Benign,Malignant
Benign/7143.jpg,Benign,Malignant
Benign/7106.jpg,Benign,Malignant
Benign/7209.jpg,Benign,Malignant
Benign/6380.jpg,Benign,Malignant
Benign/6605.jpg,Benign,Malignant
Benign/6795.jpg,Benign,Malignant
Benign/6822.jpg,Benign,Malignant
Benign/6578.jpg,Benign,Malignant
Benign/7159.jpg,Benign,Malignant
Benign/6815.jpg,Benign,Malignant
Benign/6808.jpg,Benign,Malignant
Benign/6700.jpg,Benign,Malignant
Benign/6430.jpg,Benign,Malignant
Benign/6735.jpg,Benign,Malignant
Benign/7000.jpg,Benign,Malignant
Benign/6999.jpg,Benign,Malignant
Benign/7026.jpg,Benign,Malignant
Benign/7272.jpg,Benign,Malignant
Benign/7091.jpg,Benign,Malignant
Benign/6949.jpg,Benign,Malignant
Benign/7074.jpg,Benign,Malignant
Benign/7066.jpg,Benign,Malignant
Benign/7198.jpg,Benign,Malignant
Benign/6887.jpg,Benign,Malignant
Benign/6474.jpg,Benign,Malignant
Benign/6794.jpg,Benign,Malignant
Benign/6697.jpg,Benign,Malignant
Benign/6553.jpg,Benign,Malignant
Benign/6606.jpg,Benign,Unknown
Benign/6956.jpg,Benign,Malignant
Benign/6596.jpg,Benign,Malignant
Benign/6797.jpg,Benign,Malignant
Benign/7048.jpg,Benign,Malignant
Benign/7244.jpg,Benign,Malignant
Benign/6906.jpg,Benign,Malignant
Benign/6489.jpg,Benign,Malignant
Benign/7093.jpg,Benign,Malignant
Benign/7290.jpg,Benign,Malignant
Benign/7264.jpg,Benign,Malignant
Benign/7012.jpg,Benign,Malignant
Benign/6552.jpg,Benign,Malignant
Benign/6350.jpg,Benign,Malignant
Benign/6402.jpg,Benign,Malignant
Benign/7133.jpg,Benign,Malignant
Benign/7113.jpg,Benign,Malignant
Benign/6698.jpg,Benign,Malignant
Benign/6586.jpg,Benign,Malignant
Benign/7227.jpg,Benign,Malignant
Benign/6817.jpg,Benign,Malignant
Benign/7076.jpg,Benign,Malignant
Benign/6422.jpg,Benign,Malignant
Benign/6543.jpg,Benign,Malignant
Benign/7147.jpg,Benign,Malignant
Benign/7246.jpg,Benign,Malignant
Benign/6633.jpg,Benign,Malignant
Benign/7054.jpg,Benign,Malignant
Benign/6497.jpg,Benign,Malignant
Benign/6782.jpg,Benign,Malignant
Benign/7120.jpg,Benign,Malignant
Benign/6845.jpg,Benign,Malignant
Benign/6718.jpg,Benign,Malignant
Benign/7002.jpg,Benign,Malignant
Benign/6400.jpg,Benign,Malignant
Benign/6433.jpg,Benign,Malignant
Benign/7226.jpg,Benign,Malignant
Benign/7030.jpg,Benign,Malignant
Benign/7241.jpg,Benign,Malignant
Benign/6899.jpg,Benign,Malignant
Benign/6588.jpg,Benign,Malignant
Benign/6778.jpg,Benign,Malignant
Benign/6641.jpg,Benign,Malignant
Benign/6541.jpg,Benign,Malignant
Benign/6832.jpg,Benign,Malignant
Benign/6622.jpg,Benign,Malignant
Benign/6582.jpg,Benign,Malignant
Benign/6510.jpg,Benign,Malignant
Benign/7283.jpg,Benign,Malignant
Benign/6432.jpg,Benign,Malignant
Benign/6970.jpg,Benign,Malignant
Benign/7218.jpg,Benign,Malignant
Benign/6769.jpg,Benign,Malignant
Benign/7068.jpg,Benign,Malignant
Benign/7251.jpg,Benign,Malignant
Benign/6535.jpg,Benign,Malignant
Benign/7190.jpg,Benign,Malignant
Benign/6852.jpg,Benign,Malignant
Benign/6823.jpg,Benign,Malignant
Benign/6938.jpg,Benign,Malignant
Benign/6771.jpg,Benign,Malignant
Benign/6712.jpg,Benign,Malignant
Benign/7151.jpg,Benign,Malignant
Benign/6749.jpg,Benign,Malignant
Benign/6940.jpg,Benign,Malignant
Benign/6493.jpg,Benign,Malignant
Benign/7078.jpg,Benign,Malignant
Benign/7019.jpg,Benign,Malignant
Benign/6651.jpg,Benign,Malignant
Benign/6983.jpg,Benign,Malignant
Benign/6378.jpg,Benign,Malignant
Benign/6989.jpg,Benign,Malignant
Benign/6456.jpg,Benign,Malignant
Benign/6604.jpg,Benign,Malignant
Benign/6784.jpg,Benign,Malignant
Benign/6965.jpg,Benign,Malignant
Benign/7180.jpg,Benign,Malignant
Benign/7114.jpg,Benign,Malignant
Benign/6365.jpg,Benign,Malignant
Benign/6618.jpg,Benign,Malignant
Benign/6469.jpg,Benign,Malignant
Benign/7123.jpg,Benign,Malignant
Benign/6625.jpg,Benign,Malignant
Benign/7071.jpg,Benign,Malignant
Benign/6505.jpg,Benign,Malignant
Benign/6478.jpg,Benign,Malignant
Benign/6751.jpg,Benign,Malignant
Benign/6491.jpg,Benign,Malignant
Benign/6630.jpg,Benign,Malignant
Benign/7268.jpg,Benign,Malignant
Benign/7216.jpg,Benign,Malignant
Benign/7131.jpg,Benign,Malignant
Benign/6759.jpg,Benign,Malignant
Benign/6436.jpg,Benign,Malignant
Benign/6678.jpg,Benign,Malignant
Benign/7262.jpg,Benign,Malignant
Benign/6904.jpg,Benign,Malignant
Benign/6645.jpg,Benign,Malignant
Benign/6607.jpg,Benign,Malignant
Benign/6913.jpg,Benign,Malignant
Benign/6783.jpg,Benign,Malignant
Benign/6393.jpg,Benign,Malignant
Benign/6745.jpg,Benign,Malignant
Benign/7037.jpg,Benign,Malignant
Benign/6495.jpg,Benign,Malignant
Benign/7177.jpg,Benign,Malignant
Benign/7179.jpg,Benign,Malignant
Benign/6420.jpg,Benign,Malignant
Benign/6405.jpg,Benign,Malignant
Benign/6944.jpg,Benign,Malignant
Benign/6750.jpg,Benign,Malignant
Benign/6381.jpg,Benign,Malignant
Benign/6768.jpg,Benign,Malignant
Benign/7042.jpg,Benign,Malignant
Benign/6982.jpg,Benign,Malignant
Benign/7203.jpg,Benign,Malignant
Benign/6369.jpg,Benign,Malignant
Benign/6567.jpg,Benign,Malignant
Benign/6527.jpg,Benign,Malignant
Benign/6610.jpg,Benign,Malignant
Benign/6438.jpg,Benign,Malignant
Benign/6539.jpg,Benign,Malignant
Benign/6665.jpg,Benign,Malignant
Benign/7187.jpg,Benign,Malignant
Benign/7228.jpg,Benign,Malignant
Benign/6358.jpg,Benign,Malignant
Benign/7300.jpg,Benign,Malignant
Benign/7201.jpg,Benign,Malignant
Benign/6532.jpg,Benign,Malignant
Benign/6878.jpg,Benign,Malignant
Benign/6888.jpg,Benign,Malignant
Benign/6791.jpg,Benign,Malignant
Benign/7285.jpg,Benign,Malignant
Benign/6538.jpg,Benign,Malignant
Benign/7141.jpg,Benign,Malignant
Benign/7174.jpg,Benign,Malignant
Benign/6897.jpg,Benign,Malignant
Benign/7134.jpg,Benign,Malignant
Benign/7109.jpg,Benign,Malignant
Benign/6595.jpg,Benign,Malignant
Benign/6744.jpg,Benign,Malignant
Benign/6713.jpg,Benign,Malignant
Benign/7277.jpg,Benign,Malignant
Benign/6753.jpg,Benign,Malignant
Benign/6554.jpg,Benign,Malignant
Benign/6868.jpg,Benign,Malignant
Benign/7164.jpg,Benign,Malignant
Benign/7207.jpg,Benign,Malignant
Benign/7160.jpg,Benign,Malignant
Benign/6780.jpg,Benign,Malignant
Benign/6546.jpg,Benign,Malignant
Benign/7146.jpg,Benign,Malignant
Benign/6736.jpg,Benign,Malignant
Benign/7161.jpg,Benign,Malignant
Benign/7286.jpg,Benign,Malignant
Benign/6886.jpg,Benign,Malignant
Benign/6448.jpg,Benign,Malignant
Benign/6966.jpg,Benign,Malignant
Benign/6529.jpg,Benign,Malignant
Benign/7299.jpg,Benign,Malignant
Benign/7126.jpg,Benign,Malignant
Benign/6487.jpg,Benign,Malignant
Benign/6875.jpg,Benign,Malignant
Benign/6492.jpg,Benign,Malignant
Benign/7057.jpg,Benign,Malignant
Benign/7102.jpg,Benign,Malignant
Benign/7292.jpg,Benign,Malignant
Benign/7156.jpg,Benign,Malignant
Benign/6761.jpg,Benign,Malignant
Benign/6499.jpg,Benign,Malignant
Benign/6511.jpg,Benign,Malignant
Benign/6920.jpg,Benign,Malignant
Benign/6464.jpg,Benign,Malignant
Benign/6710.jpg,Benign,Malignant
Benign/6395.jpg,Benign,Malignant
Benign/6885.jpg,Benign,Malignant
Benign/6507.jpg,Benign,Malignant
Benign/6648.jpg,Benign,Malignant
Benign/6941.jpg,Benign,Malignant
Benign/6488.jpg,Benign,Malignant
Benign/6481.jpg,Benign,Malignant
Benign/6555.jpg,Benign,Malignant
Benign/6998.jpg,Benign,Malignant
Benign/7270.jpg,Benign,Malignant
Benign/7255.jpg,Benign,Malignant
Benign/6376.jpg,Benign,Malignant
Benign/7225.jpg,Benign,Malignant
Benign/6719.jpg,Benign,Malignant
Benign/6413.jpg,Benign,Malignant
Benign/6853.jpg,Benign,Malignant
Benign/6475.jpg,Benign,Malignant
Benign/6679.jpg,Benign,Malignant
Benign/6682.jpg,Benign,Malignant
Benign/6722.jpg,Benign,Malignant
Benign/6975.jpg,Benign,Malignant
Benign/6785.jpg,Benign,Malignant
Benign/6921.jpg,Benign,Malignant
Benign/6540.jpg,Benign,Malignant
Benign/6953.jpg,Benign,Malignant
Benign/6830.jpg,Benign,Malignant
Benign/6684.jpg,Benign,Malignant
Benign/6654.jpg,Benign,Malignant
Benign/7090.jpg,Benign,Malignant
Benign/6854.jpg,Benign,Malignant
Benign/6931.jpg,Benign,Malignant
Benign/6726.jpg,Benign,Malignant
Benign/6935.jpg,Benign,Malignant
Benign/6960.jpg,Benign,Malignant
Benign/6509.jpg,Benign,Malignant
Benign/6663.jpg,Benign,Malignant
Benign/6884.jpg,Benign,Malignant
Benign/6530.jpg,Benign,Malignant
Benign/7278.jpg,Benign,Malignant
Benign/7033.jpg,Benign,Malignant
Benign/6660.jpg,Benign,Malignant
Benign/6900.jpg,Benign,Malignant
Benign/6748.jpg,Benign,Malignant
Benign/6612.jpg,Benign,Malignant
Benign/6581.jpg,Benign,Malignant
Benign/6490.jpg,Benign,Malignant
Benign/6382.jpg,Benign,Malignant
Benign/6396.jpg,Benign,Malignant
Benign/6429.jpg,Benign,Malignant
Benign/6788.jpg,Benign,Malignant
Benign/6840.jpg,Benign,Malignant
Benign/7055.jpg,Benign,Malignant
Benign/6963.jpg,Benign,Malignant
Benign/6473.jpg,Benign,Malignant
Benign/7195.jpg,Benign,Malignant
Benign/7220.jpg,Benign,Malignant
Benign/6598.jpg,Benign,Malignant
Benign/6860.jpg,Benign,Malignant
Benign/6954.jpg,Benign,Malignant
Benign/6501.jpg,Benign,Malignant
Benign/6741.jpg,Benign,Malignant
Benign/6737.jpg,Benign,Malignant
Benign/6556.jpg,Benign,Malignant
Benign/7011.jpg,Benign,Malignant
Benign/6957.jpg,Benign,Malignant
Benign/7111.jpg,Benign,Malignant
Benign/6973.jpg,Benign,Malignant
Benign/6583.jpg,Benign,Malignant
Benign/6833.jpg,Benign,Malignant
Benign/6945.jpg,Benign,Malignant
Benign/6534.jpg,Benign,Malignant
Benign/7169.jpg,Benign,Malignant
Benign/6591.jpg,Benign,Malignant
Benign/6572.jpg,Benign,Malignant
Benign/7118.jpg,Benign,Malignant
Benign/6929.jpg,Benign,Malignant
Benign/7007.jpg,Benign,Malignant
Benign/7232.jpg,Benign,Malignant
Benign/6623.jpg,Benign,Malignant
Benign/7082.jpg,Benign,Malignant
Benign/6696.jpg,Benign,Malignant
Benign/6993.jpg,Benign,Malignant
Benign/7222.jpg,Benign,Malignant
Benign/6964.jpg,Benign,Malignant
Benign/6917.jpg,Benign,Malignant
Benign/7193.jpg,Benign,Malignant
Benign/7022.jpg,Benign,Malignant
Benign/7070.jpg,Benign,Malignant
Benign/6439.jpg,Benign,Malignant
Benign/6986.jpg,Benign,Malignant
Benign/7023.jpg,Benign,Malignant
Benign/7269.jpg,Benign,Malignant
Benign/7192.jpg,Benign,Malignant
Benign/7266.jpg,Benign,Malignant
Benign/6738.jpg,Benign,Malignant
Benign/7017.jpg,Benign,Malignant
Benign/7010.jpg,Benign,Malignant
Benign/7230.jpg,Benign,Malignant
Benign/6943.jpg,Benign,Malignant
Benign/6821.jpg,Benign,Malignant
Benign/6746.jpg,Benign,Malignant
Benign/6997.jpg,Benign,Malignant
Benign/7219.jpg,Benign,Malignant
Benign/6774.jpg,Benign,Malignant
Benign/6810.jpg,Benign,Malignant
Benign/7258.jpg,Benign,Malignant
Benign/6969.jpg,Benign,Malignant
Benign/7129.jpg,Benign,Malignant
Benign/7295.jpg,Benign,Malignant
Benign/6599.jpg,Benign,Malignant
Benign/7165.jpg,Benign,Malignant
Benign/6802.jpg,Benign,Malignant
Benign/6991.jpg,Benign,Malignant
Benign/7108.jpg,Benign,Malignant
Benign/6763.jpg,Benign,Malignant
Benign/7081.jpg,Benign,Malignant
Benign/7224.jpg,Benign,Malignant
Benign/7215.jpg,Benign,Malignant
Benign/7073.jpg,Benign,Malignant
Benign/6668.jpg,Benign,Malignant
Benign/6373.jpg,Benign,Malignant
Benign/6498.jpg,Benign,Malignant
Benign/6655.jpg,Benign,Malignant
Benign/6494.jpg,Benign,Malignant
Benign/7092.jpg,Benign,Malignant
Benign/7162.jpg,Benign,Malignant
Benign/6971.jpg,Benign,Malignant
Benign/6528.jpg,Benign,Malignant
Benign/6901.jpg,Benign,Malignant
Benign/7056.jpg,Benign,Malignant
Benign/7200.jpg,Benign,Malignant
Benign/7245.jpg,Benign,Malignant
Benign/7157.jpg,Benign,Malignant
Benign/6691.jpg,Benign,Malignant
Benign/6905.jpg,Benign,Malignant
Benign/6789.jpg,Benign,Malignant
Benign/7171.jpg,Benign,Malignant
Benign/7287.jpg,Benign,Malignant
Benign/6683.jpg,Benign,Malignant
Benign/6801.jpg,Benign,Malignant
Benign/6739.jpg,Benign,Malignant
Benign/6740.jpg,Benign,Malignant
Benign/6731.jpg,Benign,Malignant
Benign/6447.jpg,Benign,Malignant
Benign/6354.jpg,Benign,Malignant
Benign/6639.jpg,Benign,Malignant
Benign/6811.jpg,Benign,Malignant
Benign/6779.jpg,Benign,Malignant
Benign/7101.jpg,Benign,Malignant
Benign/6584.jpg,Benign,Malignant
Benign/6391.jpg,Benign,Malignant
Benign/6512.jpg,Benign,Malignant
Benign/6807.jpg,Benign,Malignant
Benign/7139.jpg,Benign,Malignant
Benign/7003.jpg,Benign,Malignant
Benign/6463.jpg,Benign,Malignant
Benign/6891.jpg,Benign,Malignant
Benign/6723.jpg,Benign,Malignant
Benign/7029.jpg,Benign,Malignant
Benign/7103.jpg,Benign,Malignant
Benign/6695.jpg,Benign,Malignant
Benign/6472.jpg,Benign,Malignant
Benign/7031.jpg,Benign,Malignant
Benign/6721.jpg,Benign,Malignant
Benign/6796.jpg,Benign,Malignant
Benign/6816.jpg,Benign,Malignant
Benign/7217.jpg,Benign,Malignant
Benign/6451.jpg,Benign,Malignant
Benign/6627.jpg,Benign,Malignant
Benign/6849.jpg,Benign,Malignant
Benign/7237.jpg,Benign,Malignant
Benign/6730.jpg,Benign,Malignant
Benign/7087.jpg,Benign,Malignant
Benign/6863.jpg,Benign,Malignant
Benign/6549.jpg,Benign,Malignant
Benign/6504.jpg,Benign,Malignant
Benign/7058.jpg,Benign,Malignant
Benign/6462.jpg,Benign,Malignant
Benign/7256.jpg,Benign,Malignant
Benign/6361.jpg,Benign,Malignant
Benign/6704.jpg,Benign,Malignant
Benign/6398.jpg,Benign,Malignant
Benign/6355.jpg,Benign,Malignant
Benign/6425.jpg,Benign,Malignant
Benign/6565.jpg,Benign,Malignant
Benign/6946.jpg,Benign,Malignant
Benign/6608.jpg,Benign,Malignant
Benign/6996.jpg,Benign,Malignant
Benign/6862.jpg,Benign,Malignant
Benign/7125.jpg,Benign,Malignant
Benign/6419.jpg,Benign,Malignant
Benign/6455.jpg,Benign,Malignant
Benign/6370.jpg,Benign,Malignant
Benign/6951.jpg,Benign,Malignant
Benign/6818.jpg,Benign,Malignant
Benign/6403.jpg,Benign,Malignant
Benign/7211.jpg,Benign,Malignant
Benign/6688.jpg,Benign,Malignant
Benign/6898.jpg,Benign,Malignant
Benign/6669.jpg,Benign,Malignant
Benign/6857.jpg,Benign,Malignant
Benign/6923.jpg,Benign,Malignant
Benign/6531.jpg,Benign,Malignant
Benign/7265.jpg,Benign,Malignant
Benign/7297.jpg,Benign,Malignant
Benign/6990.jpg,Benign,Malignant
Benign/6611.jpg,Benign,Malignant
Benign/6357.jpg,Benign,Malignant
Benign/7062.jpg,Benign,Malignant
Benign/6699.jpg,Benign,Malignant
Benign/6408.jpg,Benign,Malignant
Benign/6566.jpg,Benign,Malignant
Benign/6640.jpg,Benign,Malignant
Benign/6872.jpg,Benign,Malignant
Benign/6743.jpg,Benign,Malignant
Benign/6562.jpg,Benign,Malignant
Benign/6800.jpg,Benign,Malignant
Benign/6446.jpg,Benign,Malignant
Benign/7176.jpg,Benign,Malignant
Benign/6837.jpg,Benign,Malignant
Benign/6638.jpg,Benign,Malignant
Benign/7128.jpg,Benign,Malignant
Benign/7204.jpg,Benign,Malignant
Benign/6882.jpg,Benign,Malignant
Benign/6786.jpg,Benign,Malignant
Benign/6414.jpg,Benign,Malignant
Benign/6412.jpg,Benign,Malignant
Benign/6397.jpg,Benign,Malignant
Benign/6411.jpg,Benign,Malignant
Benign/6676.jpg,Benign,Malignant
Benign/6624.jpg,Benign,Malignant
Benign/7249.jpg,Benign,Malignant
Benign/7107.jpg,Benign,Malignant
Benign/6656.jpg,Benign,Malignant
Benign/7202.jpg,Benign,Malignant
Benign/6984.jpg,Benign,Malignant
Benign/7288.jpg,Benign,Malignant
Benign/6754.jpg,Benign,Malignant
Benign/6841.jpg,Benign,Malignant
Benign/7080.jpg,Benign,Malignant
Benign/6352.jpg,Benign,Malignant
Benign/7233.jpg,Benign,Malignant
Benign/6503.jpg,Benign,Malignant
Benign/7044.jpg,Benign,Malignant
Benign/7075.jpg,Benign,Malignant
Benign/6968.jpg,Benign,Malignant
Benign/7163.jpg,Benign,Malignant
Benign/6387.jpg,Benign,Malignant
Benign/6703.jpg,Benign,Malignant
Benign/6389.jpg,Benign,Malignant
Benign/7194.jpg,Benign,Malignant
Benign/6377.jpg,Benign,Malignant
Benign/6571.jpg,Benign,Malignant
Benign/6653.jpg,Benign,Malignant
Benign/6517.jpg,Benign,Malignant
Benign/6374.jpg,Benign,Malignant
Benign/6848.jpg,Benign,Malignant
Benign/6850.jpg,Benign,Malignant
Benign/7153.jpg,Benign,Malignant
Benign/6972.jpg,Benign,Malignant
Benign/6406.jpg,Benign,Malignant
Benign/6766.jpg,Benign,Malignant
Benign/6962.jpg,Benign,Malignant
Benign/6587.jpg,Benign,Malignant
Benign/6995.jpg,Benign,Malignant
Benign/6548.jpg,Benign,Malignant
Benign/6742.jpg,Benign,Malignant
Benign/7036.jpg,Benign,Malignant
Benign/6496.jpg,Benign,Malignant
Benign/7188.jpg,Benign,Malignant
Benign/6590.jpg,Benign,Malignant
Benign/6644.jpg,Benign,Malignant
Benign/6725.jpg,Benign,Malignant
Benign/7197.jpg,Benign,Malignant
Benign/7127.jpg,Benign,Malignant
Benign/6843.jpg,Benign,Malignant
Benign/6907.jpg,Benign,Malignant
Benign/6836.jpg,Benign,Malignant
Benign/6659.jpg,Benign,Malignant
Benign/6758.jpg,Benign,Malignant
Benign/6444.jpg,Benign,Malignant
Benign/7061.jpg,Benign,Malignant
Benign/6717.jpg,Benign,Malignant
Benign/6643.jpg,Benign,Malignant
Benign/6890.jpg,Benign,Malignant
Benign/7291.jpg,Benign,Malignant
Benign/6443.jpg,Benign,Malignant
Benign/6977.jpg,Benign,Malignant
Benign/6386.jpg,Benign,Malignant
Benign/6809.jpg,Benign,Malignant
Benign/6616.jpg,Benign,Malignant
Benign/6561.jpg,Benign,Malignant
Benign/6760.jpg,Benign,Malignant
Benign/6450.jpg,Benign,Malignant
Benign/6533.jpg,Benign,Unknown
Benign/7212.jpg,Benign,Malignant
Benign/6619.jpg,Benign,Malignant
Benign/6690.jpg,Benign,Malignant
Benign/6379.jpg,Benign,Malignant
Benign/6894.jpg,Benign,Malignant
Benign/6523.jpg,Benign,Malignant
Benign/7257.jpg,Benign,Malignant
Benign/6536.jpg,Benign,Malignant
Benign/6368.jpg,Benign,Malignant
Benign/6506.jpg,Benign,Malignant
Benign/6514.jpg,Benign,Malignant
Benign/6747.jpg,Benign,Malignant
Benign/6435.jpg,Benign,Malignant
Benign/6838.jpg,Benign,Malignant
Benign/7063.jpg,Benign,Malignant
Benign/6410.jpg,Benign,Malignant
Benign/6324.jpg,Benign,Malignant
Benign/6306.jpg,Benign,Malignant
Benign/6340.jpg,Benign,Malignant
Benign/6332.jpg,Benign,Malignant
Benign/6311.jpg,Benign,Malignant
Benign/6314.jpg,Benign,Malignant
Benign/6304.jpg,Benign,Malignant
Benign/6338.jpg,Benign,Malignant
Benign/6310.jpg,Benign,Malignant
Benign/6308.jpg,Benign,Malignant
Benign/6347.jpg,Benign,Malignant
Benign/6334.jpg,Benign,Malignant
Benign/6345.jpg,Benign,Malignant
Benign/6323.jpg,Benign,Malignant
Benign/6320.jpg,Benign,Malignant
Benign/6330.jpg,Benign,Malignant
Benign/6315.jpg,Benign,Malignant
Benign/6339.jpg,Benign,Malignant
Benign/6328.jpg,Benign,Malignant
Benign/6300.jpg,Benign,Malignant
Benign/6336.jpg,Benign,Malignant
Benign/6302.jpg,Benign,Malignant
Benign/6331.jpg,Benign,Malignant
Benign/6327.jpg,Benign,Malignant
Malignant/5763.jpg,Malignant,Unknown
Malignant/6001.jpg,Malignant,Unknown
Malignant/6013.jpg,Malignant,Unknown
Malignant/6043.jpg,Malignant,Benign
Malignant/6225.jpg,Malignant,Unknown
