filename,pred_label,prob_cls
Malignant/6400.jpg,1,0.9819921
Malignant/6366.jpg,0,0.32362902
Malignant/6372.jpg,1,0.8811476
Malignant/6414.jpg,1,0.869121
Malignant/5653.jpg,1,0.99011177
Malignant/5647.jpg,1,0.99183464
Malignant/6428.jpg,1,0.5556433
Malignant/5874.jpg,1,0.9226409
Malignant/5860.jpg,1,0.59213746
Malignant/5848.jpg,1,0.84986246
Malignant/5690.jpg,1,0.9729153
Malignant/6399.jpg,1,0.58719337
Malignant/5684.jpg,1,0.96597576
Malignant/6164.jpg,1,0.89618605
Malignant/6602.jpg,1,0.90786
Malignant/6170.jpg,1,0.95060897
Malignant/6158.jpg,1,0.9240743
Malignant/6010.jpg,1,0.95538205
Malignant/6004.jpg,0,0.15232752
Malignant/6038.jpg,1,0.99055064
Malignant/6574.jpg,1,0.7114389
Malignant/6212.jpg,1,0.9857142
Malignant/6206.jpg,1,0.95462024
Malignant/6560.jpg,1,0.92842287
Malignant/6548.jpg,1,0.8487451
Malignant/5727.jpg,1,0.79340374
Malignant/5733.jpg,1,0.55664176
Malignant/5900.jpg,1,0.70872283
Malignant/5914.jpg,1,0.64516836
Malignant/5928.jpg,1,0.77516735
Malignant/5929.jpg,1,0.70761037
Malignant/5915.jpg,1,0.8122012
Malignant/5901.jpg,0,0.49841848
Malignant/5732.jpg,1,0.9854854
Malignant/6549.jpg,1,0.8983261
Malignant/5726.jpg,1,0.61969215
Malignant/6207.jpg,1,0.51483166
Malignant/6561.jpg,1,0.9302509
Malignant/6575.jpg,0,0.30713058
Malignant/6213.jpg,1,0.8741288
Malignant/6039.jpg,1,0.93418986
Malignant/6005.jpg,0,0.241694
Malignant/6011.jpg,1,0.98246
Malignant/6159.jpg,1,0.9901101
Malignant/6171.jpg,1,0.978856
Malignant/6165.jpg,0,0.18798144
Malignant/5685.jpg,1,0.9656153
Malignant/6398.jpg,0,0.440005
Malignant/5691.jpg,1,0.99506074
Malignant/5849.jpg,0,0.4103935
Malignant/5861.jpg,1,0.60776734
Malignant/5875.jpg,1,0.6702019
Malignant/5646.jpg,1,0.9589669
Malignant/6429.jpg,0,0.34714833
Malignant/5652.jpg,1,0.9865758
Malignant/6373.jpg,1,0.95942503
Malignant/6415.jpg,1,0.99879897
Malignant/6401.jpg,0,0.37835628
Malignant/6367.jpg,1,0.72368455
Malignant/6417.jpg,1,0.61685556
Malignant/6371.jpg,1,0.9239756
Malignant/5678.jpg,1,0.96527964
Malignant/6365.jpg,1,0.9392098
Malignant/6403.jpg,0,0.26525876
Malignant/5644.jpg,1,0.9878957
Malignant/6359.jpg,1,0.92066514
Malignant/5650.jpg,1,0.96400183
Malignant/5888.jpg,1,0.9797278
Malignant/5863.jpg,1,0.8663757
Malignant/5877.jpg,1,0.8481057
Malignant/5687.jpg,1,0.9968748
Malignant/5693.jpg,1,0.9678756
Malignant/6173.jpg,1,0.8677413
Malignant/6601.jpg,1,0.70236677
Malignant/6167.jpg,0,0.2678062
Malignant/6198.jpg,1,0.6034142
Malignant/6007.jpg,1,0.9973922
Malignant/6013.jpg,1,0.97692037
Malignant/6563.jpg,1,0.52198863
Malignant/6205.jpg,1,0.82279724
Malignant/5718.jpg,1,0.5588983
Malignant/6211.jpg,1,0.8476889
Malignant/6577.jpg,1,0.5852341
Malignant/5730.jpg,1,0.5991528
Malignant/6239.jpg,1,0.7398505
Malignant/5724.jpg,1,0.5982911
Malignant/5917.jpg,1,0.7343178
Malignant/5903.jpg,1,0.69569266
Malignant/6588.jpg,1,0.890104
Malignant/6589.jpg,1,0.85482746
Malignant/5902.jpg,0,0.48811242
Malignant/5916.jpg,1,0.9583202
Malignant/5725.jpg,0,0.4608008
Malignant/6238.jpg,1,0.79254717
Malignant/5731.jpg,1,0.8653363
Malignant/6210.jpg,0,0.30836374
Malignant/5719.jpg,1,0.95897937
Malignant/6576.jpg,1,0.76909417
Malignant/6562.jpg,1,0.8288237
Malignant/6204.jpg,1,0.91916203
Malignant/6012.jpg,1,0.992098
Malignant/6006.jpg,1,0.9831913
Malignant/6199.jpg,1,0.59400386
Malignant/6600.jpg,1,0.8567351
Malignant/6166.jpg,1,0.61933756
Malignant/6172.jpg,1,0.9343399
Malignant/5692.jpg,1,0.51882493
Malignant/5686.jpg,1,0.907262
Malignant/5876.jpg,1,0.99754375
Malignant/5862.jpg,1,0.85398304
Malignant/5889.jpg,1,0.68020135
Malignant/5651.jpg,1,0.99369544
Malignant/6358.jpg,1,0.64198416
Malignant/5645.jpg,1,0.9909582
Malignant/6364.jpg,1,0.6565161
Malignant/6402.jpg,1,0.6655892
Malignant/6416.jpg,0,0.17866014
Malignant/5679.jpg,1,0.9844773
Malignant/6370.jpg,1,0.75671095
Malignant/5641.jpg,1,0.9994235
Malignant/5899.jpg,1,0.977688
Malignant/6348.jpg,1,0.94689864
Malignant/5655.jpg,1,0.97645164
Malignant/6374.jpg,1,0.6548066
Malignant/6412.jpg,1,0.6299299
Malignant/6406.jpg,1,0.5930311
Malignant/5669.jpg,1,0.86717266
Malignant/6360.jpg,1,0.86109346
Malignant/5682.jpg,1,0.7256838
Malignant/5696.jpg,0,0.48541304
Malignant/5866.jpg,1,0.73960286
Malignant/5872.jpg,1,0.83462816
Malignant/6176.jpg,0,0.49716392
Malignant/6162.jpg,1,0.6642401
Malignant/6189.jpg,1,0.90067726
Malignant/6002.jpg,0,0.2754891
Malignant/6016.jpg,1,0.92519593
Malignant/5735.jpg,1,0.7745838
Malignant/6228.jpg,1,0.90569365
Malignant/5721.jpg,1,0.7932424
Malignant/6200.jpg,1,0.7856962
Malignant/5709.jpg,0,0.292719
Malignant/6566.jpg,1,0.51079416
Malignant/6572.jpg,1,0.8882458
Malignant/6214.jpg,1,0.7855428
Malignant/6599.jpg,1,0.8893673
Malignant/5912.jpg,0,0.3980151
Malignant/5906.jpg,0,0.44556034
Malignant/5907.jpg,1,0.57695884
Malignant/5913.jpg,1,0.8691361
Malignant/6598.jpg,0,0.22606441
Malignant/6573.jpg,1,0.73131007
Malignant/6215.jpg,1,0.9975942
Malignant/5708.jpg,1,0.74337566
Malignant/6201.jpg,1,0.74772465
Malignant/6567.jpg,1,0.8252114
Malignant/5720.jpg,1,0.54638547
Malignant/6229.jpg,1,0.917145
Malignant/5734.jpg,0,0.30907845
Malignant/6017.jpg,0,0.14402741
Malignant/6003.jpg,0,0.23614188
Malignant/6188.jpg,1,0.88519984
Malignant/6163.jpg,1,0.75719833
Malignant/6177.jpg,1,0.9120235
Malignant/5873.jpg,0,0.35505778
Malignant/5867.jpg,1,0.5874177
Malignant/5697.jpg,1,0.9730249
Malignant/5683.jpg,1,0.9865368
Malignant/6407.jpg,1,0.83376515
Malignant/6361.jpg,1,0.880114
Malignant/5668.jpg,1,0.98538244
Malignant/6375.jpg,1,0.8530711
Malignant/6413.jpg,0,0.38372257
Malignant/5654.jpg,0,0.19438115
Malignant/6349.jpg,1,0.93042517
Malignant/5898.jpg,1,0.8108258
Malignant/5640.jpg,1,0.96242017
Malignant/5656.jpg,1,0.99602485
Malignant/6439.jpg,1,0.8176979
Malignant/5642.jpg,1,0.9325158
Malignant/6363.jpg,1,0.55401814
Malignant/6405.jpg,1,0.6055295
Malignant/6411.jpg,1,0.7811654
Malignant/6377.jpg,0,0.40059155
Malignant/5695.jpg,1,0.9870236
Malignant/6388.jpg,1,0.7868581
Malignant/5859.jpg,0,0.19418637
Malignant/5681.jpg,1,0.8388124
Malignant/5871.jpg,1,0.84163743
Malignant/5865.jpg,1,0.9238999
Malignant/6149.jpg,1,0.66890585
Malignant/6161.jpg,1,0.8695325
Malignant/6175.jpg,1,0.65363604
Malignant/6029.jpg,1,0.9321878
Malignant/6015.jpg,1,0.99618345
Malignant/6001.jpg,1,0.9314597
Malignant/5722.jpg,1,0.54798514
Malignant/6559.jpg,1,0.9306729
Malignant/5736.jpg,1,0.5393097
Malignant/6217.jpg,0,0.41384792
Malignant/6571.jpg,1,0.79561037
Malignant/6565.jpg,1,0.6345461
Malignant/6203.jpg,1,0.695436
Malignant/5939.jpg,1,0.5679388
Malignant/5905.jpg,1,0.8369685
Malignant/5911.jpg,1,0.9046149
Malignant/5910.jpg,1,0.93343866
Malignant/5904.jpg,0,0.4806396
Malignant/5938.jpg,1,0.6911705
Malignant/6564.jpg,1,0.83762395
Malignant/6202.jpg,1,0.6447963
Malignant/6216.jpg,1,0.77348536
Malignant/6570.jpg,1,0.9985727
Malignant/6558.jpg,1,0.7124535
Malignant/5737.jpg,1,0.82470423
Malignant/5723.jpg,1,0.779428
Malignant/6000.jpg,1,0.5802486
Malignant/6014.jpg,1,0.9718783
Malignant/6028.jpg,1,0.951093
Malignant/6174.jpg,1,0.6033294
Malignant/6160.jpg,1,0.9968014
Malignant/6148.jpg,1,0.9974049
Malignant/5864.jpg,1,0.8575534
Malignant/5870.jpg,1,0.7335631
Malignant/5680.jpg,1,0.98635846
Malignant/5858.jpg,1,0.60269976
Malignant/6389.jpg,1,0.8085664
Malignant/5694.jpg,1,0.7954106
Malignant/6410.jpg,1,0.9180269
Malignant/6376.jpg,0,0.36005336
Malignant/6362.jpg,1,0.86025304
Malignant/6404.jpg,1,0.94351906
Malignant/5643.jpg,0,0.4762021
Malignant/5657.jpg,1,0.9352131
Malignant/6438.jpg,0,0.22905801
Malignant/6305.jpg,1,0.94144076
Malignant/6463.jpg,1,0.8271388
Malignant/6477.jpg,0,0.26914594
Malignant/5618.jpg,1,0.9880728
Malignant/6311.jpg,1,0.91982895
Malignant/5630.jpg,1,0.9940006
Malignant/6339.jpg,1,0.5477668
Malignant/5624.jpg,1,0.97150743
Malignant/5817.jpg,1,0.78672075
Malignant/5803.jpg,0,0.48243254
Malignant/6488.jpg,1,0.5271938
Malignant/6107.jpg,0,0.37616608
Malignant/6113.jpg,1,0.8138863
Malignant/6073.jpg,1,0.70311517
Malignant/6067.jpg,1,0.8474137
Malignant/6098.jpg,1,0.81351703
Malignant/6271.jpg,1,0.98662925
Malignant/5778.jpg,1,0.7044948
Malignant/6517.jpg,1,0.74769604
Malignant/6503.jpg,1,0.9353791
Malignant/6265.jpg,1,0.85531616
Malignant/5744.jpg,1,0.6577742
Malignant/6259.jpg,1,0.988228
Malignant/5988.jpg,1,0.75686556
Malignant/5750.jpg,1,0.8332004
Malignant/5963.jpg,1,0.58519447
Malignant/5977.jpg,0,0.48162392
Malignant/5787.jpg,0,0.4330586
Malignant/5793.jpg,1,0.7175678
Malignant/5792.jpg,1,0.9552625
Malignant/5786.jpg,0,0.4112532
Malignant/5976.jpg,1,0.9511843
Malignant/5962.jpg,0,0.48618788
Malignant/5751.jpg,1,0.6237807
Malignant/5989.jpg,1,0.5478578
Malignant/6258.jpg,1,0.6318389
Malignant/5745.jpg,1,0.75118643
Malignant/6502.jpg,1,0.6449487
Malignant/6264.jpg,1,0.6762272
Malignant/5779.jpg,1,0.85091656
Malignant/6270.jpg,1,0.9856306
Malignant/6516.jpg,0,0.2760007
Malignant/6099.jpg,1,0.90559226
Malignant/6066.jpg,1,0.96127325
Malignant/6072.jpg,1,0.83940625
Malignant/6112.jpg,1,0.6580851
Malignant/6106.jpg,0,0.49972752
Malignant/6489.jpg,0,0.13854463
Malignant/5802.jpg,1,0.5993698
Malignant/5816.jpg,1,0.57221395
Malignant/5625.jpg,1,0.891187
Malignant/6338.jpg,0,0.35490474
Malignant/5631.jpg,1,0.98733807
Malignant/6476.jpg,1,0.8626822
Malignant/6310.jpg,1,0.60390353
Malignant/5619.jpg,1,0.99865985
Malignant/6304.jpg,1,0.95158404
Malignant/6462.jpg,1,0.5525796
Malignant/6312.jpg,1,0.6209916
Malignant/6474.jpg,1,0.677176
Malignant/6460.jpg,1,0.58466405
Malignant/6306.jpg,0,0.40682197
Malignant/5627.jpg,1,0.95647377
Malignant/6448.jpg,1,0.98604625
Malignant/5633.jpg,1,0.98951983
Malignant/5800.jpg,1,0.6173134
Malignant/5814.jpg,0,0.17087397
Malignant/5828.jpg,1,0.62940663
Malignant/6110.jpg,1,0.5021354
Malignant/6104.jpg,1,0.9839064
Malignant/6138.jpg,1,0.9333337
Malignant/6064.jpg,1,0.89812374
Malignant/6070.jpg,1,0.86432004
Malignant/6058.jpg,1,0.7798113
Malignant/6266.jpg,1,0.9797599
Malignant/6500.jpg,1,0.5414927
Malignant/6514.jpg,0,0.30498287
Malignant/6272.jpg,1,0.968796
Malignant/5753.jpg,1,0.5743778
Malignant/6528.jpg,1,0.9205272
Malignant/5747.jpg,1,0.97607285
Malignant/5974.jpg,1,0.7267956
Malignant/5960.jpg,1,0.55488974
Malignant/5790.jpg,1,0.52166015
Malignant/5948.jpg,0,0.13361727
Malignant/6299.jpg,1,0.8169823
Malignant/5784.jpg,1,0.7168242
Malignant/5785.jpg,1,0.78571206
Malignant/6298.jpg,1,0.8887273
Malignant/5949.jpg,1,0.57820374
Malignant/5791.jpg,0,0.4789578
Malignant/5961.jpg,1,0.5403052
Malignant/5975.jpg,1,0.53663003
Malignant/6529.jpg,1,0.9102039
Malignant/5746.jpg,0,0.4390966
Malignant/5752.jpg,1,0.88955474
Malignant/6515.jpg,1,0.9961802
Malignant/6273.jpg,1,0.7816211
Malignant/6267.jpg,1,0.6873473
Malignant/6501.jpg,1,0.8231277
Malignant/6059.jpg,1,0.73541254
Malignant/6071.jpg,1,0.8276923
Malignant/6065.jpg,1,0.9355787
Malignant/6139.jpg,0,0.14829044
Malignant/6105.jpg,0,0.19708218
Malignant/6111.jpg,0,0.47668457
Malignant/5829.jpg,1,0.7500871
Malignant/5815.jpg,0,0.49654198
Malignant/5801.jpg,1,0.84668046
Malignant/5632.jpg,0,0.29111755
Malignant/5626.jpg,1,0.8924025
Malignant/6449.jpg,1,0.5982336
Malignant/6461.jpg,1,0.7966753
Malignant/6307.jpg,1,0.95628047
Malignant/6313.jpg,1,0.7779672
Malignant/6475.jpg,1,0.91191393
Malignant/5622.jpg,1,0.9868449
Malignant/5636.jpg,1,0.9313952
Malignant/6459.jpg,1,0.8085559
Malignant/6471.jpg,1,0.8247291
Malignant/6317.jpg,0,0.16171376
Malignant/6303.jpg,1,0.53445005
Malignant/6465.jpg,1,0.8290782
Malignant/5839.jpg,1,0.7217744
Malignant/5805.jpg,1,0.78106797
Malignant/5811.jpg,1,0.55040884
Malignant/6129.jpg,1,0.9375312
Malignant/6115.jpg,1,0.9908947
Malignant/6101.jpg,1,0.7210308
Malignant/6049.jpg,1,0.8281662
Malignant/6061.jpg,1,0.5266235
Malignant/6075.jpg,1,0.8008559
Malignant/6539.jpg,1,0.80193
Malignant/5756.jpg,1,0.61598325
Malignant/5742.jpg,1,0.5029372
Malignant/6505.jpg,1,0.740071
Malignant/6263.jpg,1,0.9091209
Malignant/6277.jpg,0,0.48293063
Malignant/6511.jpg,0,0.49801394
Malignant/5795.jpg,1,0.78354174
Malignant/6288.jpg,1,0.8648265
Malignant/5781.jpg,1,0.7592842
Malignant/5959.jpg,1,0.77066356
Malignant/5971.jpg,1,0.5799376
Malignant/5965.jpg,1,0.9841448
Malignant/5964.jpg,0,0.37122858
Malignant/5970.jpg,1,0.6649685
Malignant/5958.jpg,1,0.7260949
Malignant/5780.jpg,0,0.16575861
Malignant/6289.jpg,1,0.77723235
Malignant/5794.jpg,1,0.7221282
Malignant/6276.jpg,1,0.51481986
Malignant/6510.jpg,1,0.78136265
Malignant/6504.jpg,1,0.9912422
Malignant/6262.jpg,1,0.7286665
Malignant/5743.jpg,1,0.9918464
Malignant/6538.jpg,1,0.83249915
Malignant/5757.jpg,0,0.49686638
Malignant/6074.jpg,1,0.94400024
Malignant/6060.jpg,1,0.95634687
Malignant/6048.jpg,1,0.9943486
Malignant/6100.jpg,1,0.88266444
Malignant/6114.jpg,1,0.7103472
Malignant/6128.jpg,1,0.9666443
Malignant/5810.jpg,1,0.97642106
Malignant/5804.jpg,1,0.9302842
Malignant/5838.jpg,1,0.6608253
Malignant/6302.jpg,1,0.55058247
Malignant/6464.jpg,0,0.11979792
Malignant/6470.jpg,1,0.98778546
Malignant/6316.jpg,1,0.8008778
Malignant/5637.jpg,1,0.9875178
Malignant/6458.jpg,1,0.91616124
Malignant/5623.jpg,1,0.9885218
Malignant/5635.jpg,1,0.68398416
Malignant/6328.jpg,1,0.8625983
Malignant/5621.jpg,1,0.8596837
Malignant/6466.jpg,1,0.6756686
Malignant/6300.jpg,1,0.91518366
Malignant/5609.jpg,1,0.9964066
Malignant/6314.jpg,0,0.4915695
Malignant/6472.jpg,1,0.5304168
Malignant/6499.jpg,1,0.9437124
Malignant/5812.jpg,1,0.5412647
Malignant/5806.jpg,0,0.18603566
Malignant/6102.jpg,1,0.78877264
Malignant/6116.jpg,1,0.60002106
Malignant/6076.jpg,0,0.45226175
Malignant/6062.jpg,1,0.8047365
Malignant/6089.jpg,1,0.95352906
Malignant/5999.jpg,1,0.93682486
Malignant/5741.jpg,1,0.79364985
Malignant/6248.jpg,1,0.91025335
Malignant/5755.jpg,0,0.46550518
Malignant/6512.jpg,1,0.87420356
Malignant/6274.jpg,1,0.94780344
Malignant/5769.jpg,0,0.4830919
Malignant/6260.jpg,1,0.8667909
Malignant/6506.jpg,1,0.8660895
Malignant/5782.jpg,1,0.8782064
Malignant/5796.jpg,1,0.75181156
Malignant/5966.jpg,1,0.737245
Malignant/5972.jpg,0,0.381566
Malignant/5973.jpg,1,0.5104314
Malignant/5967.jpg,1,0.8016633
Malignant/5797.jpg,1,0.86351955
Malignant/5783.jpg,1,0.76528627
Malignant/6261.jpg,1,0.9289452
Malignant/5768.jpg,1,0.8953213
Malignant/6507.jpg,1,0.7852589
Malignant/6513.jpg,1,0.814198
Malignant/6275.jpg,1,0.8719152
Malignant/5754.jpg,1,0.96430445
Malignant/6249.jpg,0,0.31055734
Malignant/5740.jpg,1,0.8928103
Malignant/5998.jpg,1,0.89131343
Malignant/6088.jpg,1,0.80027086
Malignant/6063.jpg,1,0.76578283
Malignant/6077.jpg,1,0.9360445
Malignant/6117.jpg,1,0.66165525
Malignant/6103.jpg,1,0.9398404
Malignant/5807.jpg,1,0.7414628
Malignant/5813.jpg,1,0.89695513
Malignant/6498.jpg,1,0.8110575
Malignant/6315.jpg,1,0.92208993
Malignant/6473.jpg,1,0.6180274
Malignant/6467.jpg,1,0.65946203
Malignant/5608.jpg,1,0.9760961
Malignant/6301.jpg,1,0.7037491
Malignant/5620.jpg,1,0.97524786
Malignant/6329.jpg,1,0.71515137
Malignant/5634.jpg,1,0.52174973
Malignant/6324.jpg,0,0.347681
Malignant/6442.jpg,0,0.42022866
Malignant/6456.jpg,1,0.78817517
Malignant/6330.jpg,0,0.3558092
Malignant/5639.jpg,1,0.9911281
Malignant/6318.jpg,0,0.47409508
Malignant/5611.jpg,1,0.8218411
Malignant/5605.jpg,1,0.9435412
Malignant/5836.jpg,0,0.28245872
Malignant/6481.jpg,1,0.95830387
Malignant/6495.jpg,1,0.670097
Malignant/5822.jpg,1,0.81911105
Malignant/6126.jpg,1,0.9479779
Malignant/6132.jpg,0,0.1215197
Malignant/6052.jpg,1,0.9938106
Malignant/6046.jpg,1,0.98979783
Malignant/6091.jpg,1,0.95862246
Malignant/6085.jpg,1,0.8914753
Malignant/5981.jpg,1,0.9592379
Malignant/5759.jpg,1,0.8805165
Malignant/6250.jpg,1,0.80587935
Malignant/6536.jpg,1,0.79604214
Malignant/6522.jpg,1,0.759202
Malignant/6244.jpg,1,0.7545144
Malignant/5995.jpg,1,0.64846474
Malignant/5765.jpg,1,0.9968161
Malignant/5771.jpg,1,0.63172483
Malignant/6278.jpg,1,0.9371736
Malignant/6293.jpg,1,0.96497005
Malignant/5942.jpg,1,0.7279158
Malignant/5956.jpg,1,0.6457037
Malignant/6287.jpg,0,0.32081243
Malignant/6286.jpg,0,0.19624802
Malignant/5957.jpg,0,0.41709775
Malignant/5943.jpg,1,0.8951705
Malignant/6292.jpg,0,0.29924694
Malignant/6279.jpg,0,0.4488461
Malignant/5770.jpg,0,0.457743
Malignant/5764.jpg,0,0.39468879
Malignant/6523.jpg,1,0.90994066
Malignant/5994.jpg,1,0.62911177
Malignant/6245.jpg,1,0.9732982
Malignant/6251.jpg,1,0.61839867
Malignant/5758.jpg,0,0.23255657
Malignant/5980.jpg,1,0.5019187
Malignant/6537.jpg,1,0.97975254
Malignant/6084.jpg,1,0.96265393
Malignant/6090.jpg,1,0.9021729
Malignant/6047.jpg,1,0.9561671
Malignant/6053.jpg,1,0.98220074
Malignant/6133.jpg,1,0.92343956
Malignant/6127.jpg,1,0.746454
Malignant/6494.jpg,1,0.6022027
Malignant/5823.jpg,1,0.9818749
Malignant/5837.jpg,1,0.911025
Malignant/6480.jpg,1,0.7640148
Malignant/5604.jpg,1,0.99077016
Malignant/5610.jpg,1,0.61455137
Malignant/6319.jpg,1,0.7090793
Malignant/6457.jpg,1,0.6572814
Malignant/5638.jpg,1,0.9175953
Malignant/6331.jpg,1,0.75548273
Malignant/6325.jpg,1,0.8126418
Malignant/6443.jpg,1,0.779039
Malignant/6333.jpg,1,0.9027521
Malignant/6455.jpg,1,0.7270679
Malignant/6441.jpg,1,0.55009687
Malignant/6327.jpg,1,0.79648054
Malignant/5606.jpg,1,0.9972772
Malignant/6469.jpg,1,0.72460085
Malignant/5612.jpg,1,0.6815786
Malignant/5821.jpg,1,0.9620806
Malignant/6496.jpg,1,0.85035175
Malignant/6482.jpg,1,0.56922644
Malignant/5835.jpg,0,0.44135547
Malignant/5809.jpg,1,0.8292493
Malignant/6131.jpg,1,0.6723115
Malignant/6125.jpg,1,0.71888345
Malignant/6119.jpg,1,0.7614622
Malignant/6045.jpg,1,0.8042915
Malignant/6051.jpg,1,0.98535454
Malignant/6079.jpg,0,0.4651484
Malignant/6086.jpg,1,0.9574788
Malignant/6092.jpg,1,0.695518
Malignant/6247.jpg,1,0.90442026
Malignant/5996.jpg,1,0.81203043
Malignant/6521.jpg,1,0.72771114
Malignant/6535.jpg,1,0.6079092
Malignant/5982.jpg,1,0.69281054
Malignant/6253.jpg,1,0.9173926
Malignant/5772.jpg,1,0.8010763
Malignant/6509.jpg,1,0.693746
Malignant/5766.jpg,0,0.45326668
Malignant/5955.jpg,1,0.578933
Malignant/6284.jpg,1,0.9020808
Malignant/6290.jpg,1,0.6937065
Malignant/5799.jpg,1,0.78886515
Malignant/5941.jpg,1,0.7759815
Malignant/5969.jpg,1,0.95095056
Malignant/5968.jpg,1,0.70753723
Malignant/5940.jpg,0,0.43200132
Malignant/5798.jpg,1,0.75743246
Malignant/6291.jpg,1,0.9242875
Malignant/6285.jpg,0,0.4929614
Malignant/5954.jpg,1,0.97843677
Malignant/6508.jpg,1,0.81921726
Malignant/5767.jpg,1,0.5716601
Malignant/5773.jpg,1,0.81253344
Malignant/6534.jpg,1,0.8245301
Malignant/6252.jpg,1,0.84709257
Malignant/5983.jpg,0,0.48025972
Malignant/5997.jpg,1,0.6832251
Malignant/6246.jpg,1,0.92834204
Malignant/6520.jpg,0,0.48148307
Malignant/6093.jpg,1,0.99433845
Malignant/6087.jpg,0,0.43407845
Malignant/6078.jpg,1,0.6069849
Malignant/6050.jpg,1,0.98890007
Malignant/6044.jpg,1,0.99236274
Malignant/6118.jpg,1,0.8961536
Malignant/6124.jpg,1,0.79617304
Malignant/6130.jpg,1,0.6687049
Malignant/5808.jpg,1,0.99662966
Malignant/6483.jpg,1,0.7616126
Malignant/5834.jpg,1,0.64407176
Malignant/5820.jpg,1,0.501433
Malignant/6497.jpg,1,0.890181
Malignant/5613.jpg,1,0.99870884
Malignant/5607.jpg,1,0.97948796
Malignant/6468.jpg,1,0.95802087
Malignant/6440.jpg,0,0.09495171
Malignant/6326.jpg,1,0.9982514
Malignant/6332.jpg,1,0.69886875
Malignant/6454.jpg,1,0.5895653
Malignant/5603.jpg,1,0.9890115
Malignant/5617.jpg,1,0.99209315
Malignant/6478.jpg,1,0.6686706
Malignant/6450.jpg,1,0.9532584
Malignant/6336.jpg,1,0.62853926
Malignant/6322.jpg,0,0.3648975
Malignant/6444.jpg,1,0.9795532
Malignant/5818.jpg,0,0.43739495
Malignant/6493.jpg,1,0.9979646
Malignant/5824.jpg,1,0.7031364
Malignant/5830.jpg,1,0.80233437
Malignant/6487.jpg,1,0.7081172
Malignant/6108.jpg,1,0.94621676
Malignant/6134.jpg,1,0.89841264
Malignant/6120.jpg,0,0.46944737
Malignant/6068.jpg,0,0.16278204
Malignant/6040.jpg,1,0.8671362
Malignant/6054.jpg,1,0.99189985
Malignant/6083.jpg,1,0.7320545
Malignant/6097.jpg,0,0.40594125
Malignant/6518.jpg,1,0.8152335
Malignant/5777.jpg,1,0.9629057
Malignant/5763.jpg,0,0.48359492
Malignant/6524.jpg,1,0.8002762
Malignant/6242.jpg,0,0.23373045
Malignant/5993.jpg,1,0.6376257
Malignant/5987.jpg,1,0.99265176
Malignant/6256.jpg,1,0.92149484
Malignant/6530.jpg,1,0.8931569
Malignant/5978.jpg,0,0.38624462
Malignant/5788.jpg,1,0.73644334
Malignant/5950.jpg,1,0.75179976
Malignant/6281.jpg,0,0.3897758
Malignant/6295.jpg,1,0.7542398
Malignant/5944.jpg,1,0.76980096
Malignant/5945.jpg,0,0.4209542
Malignant/6294.jpg,1,0.6261687
Malignant/6280.jpg,1,0.7549256
Malignant/5951.jpg,0,0.4917618
Malignant/5789.jpg,1,0.7022771
Malignant/5979.jpg,0,0.33885655
Malignant/6257.jpg,0,0.083228216
Malignant/5986.jpg,1,0.9464288
Malignant/6531.jpg,1,0.9314222
Malignant/6525.jpg,1,0.79847795
Malignant/5992.jpg,1,0.60231763
Malignant/6243.jpg,0,0.14119428
Malignant/5762.jpg,1,0.8470081
Malignant/6519.jpg,1,0.51493096
Malignant/5776.jpg,1,0.95103586
Malignant/6096.jpg,1,0.5104621
Malignant/6082.jpg,1,0.8204308
Malignant/6055.jpg,1,0.9880612
Malignant/6041.jpg,1,0.9857394
Malignant/6069.jpg,1,0.83039474
Malignant/6121.jpg,1,0.7043873
Malignant/6135.jpg,1,0.57522666
Malignant/6109.jpg,0,0.4777256
Malignant/5831.jpg,0,0.40011293
Malignant/6486.jpg,1,0.82700944
Malignant/6492.jpg,1,0.9987262
Malignant/5825.jpg,1,0.5087592
Malignant/5819.jpg,1,0.667028
Malignant/6323.jpg,1,0.8183653
Malignant/6445.jpg,1,0.8601434
Malignant/6451.jpg,1,0.79785514
Malignant/6337.jpg,1,0.9930506
Malignant/5616.jpg,1,0.99420255
Malignant/6479.jpg,1,0.7703563
Malignant/5602.jpg,1,0.9337292
Malignant/5614.jpg,1,0.9559945
Malignant/6309.jpg,1,0.7753735
Malignant/6447.jpg,1,0.7733241
Malignant/5628.jpg,1,0.9870034
Malignant/6321.jpg,1,0.8567583
Malignant/6335.jpg,1,0.7647516
Malignant/6453.jpg,1,0.59370714
Malignant/6484.jpg,0,0.36518207
Malignant/5833.jpg,1,0.717291
Malignant/5827.jpg,0,0.43523312
Malignant/6490.jpg,1,0.77884215
Malignant/6123.jpg,1,0.90388715
Malignant/6137.jpg,1,0.9971909
Malignant/6057.jpg,1,0.68654436
Malignant/6043.jpg,1,0.9923349
Malignant/6094.jpg,1,0.5559981
Malignant/6080.jpg,1,0.7023216
Malignant/6269.jpg,1,0.94888
Malignant/5760.jpg,1,0.93796873
Malignant/5774.jpg,0,0.39724848
Malignant/6533.jpg,1,0.71337396
Malignant/5984.jpg,1,0.80015224
Malignant/6255.jpg,1,0.6531738
Malignant/6241.jpg,0,0.2830771
Malignant/5990.jpg,1,0.7096326
Malignant/5748.jpg,1,0.5952351
Malignant/6527.jpg,1,0.5310668
Malignant/6296.jpg,1,0.8318464
Malignant/5947.jpg,1,0.7959939
Malignant/5953.jpg,1,0.8632695
Malignant/6282.jpg,1,0.9961384
Malignant/6283.jpg,1,0.84931785
Malignant/5952.jpg,1,0.6675757
Malignant/5946.jpg,1,0.8472148
Malignant/6297.jpg,1,0.8891251
Malignant/5749.jpg,1,0.7392461
Malignant/5991.jpg,1,0.6155864
Malignant/6240.jpg,1,0.96451557
Malignant/6526.jpg,1,0.9537458
Malignant/6532.jpg,1,0.8046674
Malignant/6254.jpg,1,0.61624324
Malignant/5985.jpg,1,0.6208697
Malignant/5775.jpg,1,0.86352766
Malignant/5761.jpg,1,0.563869
Malignant/6268.jpg,1,0.7444589
Malignant/6081.jpg,1,0.7408312
Malignant/6095.jpg,1,0.91637516
Malignant/6042.jpg,1,0.690054
Malignant/6056.jpg,1,0.76116437
Malignant/6136.jpg,1,0.6468476
Malignant/6122.jpg,0,0.43904367
Malignant/5826.jpg,1,0.696907
Malignant/6491.jpg,1,0.8241729
Malignant/6485.jpg,1,0.95801926
Malignant/5832.jpg,1,0.9327209
Malignant/6334.jpg,0,0.45228198
Malignant/6452.jpg,0,0.23300196
Malignant/6446.jpg,1,0.8175146
Malignant/6320.jpg,1,0.56010544
Malignant/5629.jpg,1,0.99013877
Malignant/6308.jpg,0,0.4872745
Malignant/5615.jpg,1,0.99326986
Malignant/6421.jpg,1,0.9050406
Malignant/6347.jpg,0,0.36330312
Malignant/5896.jpg,1,0.73729616
Malignant/5882.jpg,1,0.8196283
Malignant/6353.jpg,1,0.812642
Malignant/6435.jpg,1,0.60945547
Malignant/5672.jpg,1,0.9852637
Malignant/5666.jpg,1,0.9615328
Malignant/6409.jpg,1,0.78224665
Malignant/5855.jpg,1,0.95357513
Malignant/6384.jpg,1,0.86207324
Malignant/6390.jpg,0,0.1835677
Malignant/5841.jpg,1,0.73403114
Malignant/5699.jpg,0,0.19715634
Malignant/5869.jpg,1,0.7274207
Malignant/6145.jpg,1,0.95276946
Malignant/6151.jpg,1,0.5128682
Malignant/6179.jpg,1,0.9357358
Malignant/6186.jpg,1,0.8237145
Malignant/6192.jpg,1,0.87116385
Malignant/6031.jpg,1,0.9860014
Malignant/6025.jpg,1,0.9744735
Malignant/6019.jpg,1,0.92060316
Malignant/6555.jpg,0,0.19473802
Malignant/6233.jpg,1,0.917482
Malignant/6227.jpg,0,0.43640465
Malignant/6541.jpg,0,0.45580062
Malignant/6569.jpg,1,0.9630775
Malignant/5706.jpg,0,0.28011775
Malignant/5712.jpg,0,0.41719177
Malignant/6596.jpg,1,0.9099517
Malignant/5921.jpg,1,0.5844187
Malignant/5935.jpg,1,0.52960414
Malignant/6582.jpg,1,0.59001434
Malignant/5909.jpg,1,0.62269324
Malignant/5908.jpg,1,0.791216
Malignant/5934.jpg,1,0.8961089
Malignant/6583.jpg,1,0.7356829
Malignant/6597.jpg,1,0.74990857
Malignant/5920.jpg,1,0.7265064
Malignant/5713.jpg,1,0.6177839
Malignant/6568.jpg,1,0.83946496
Malignant/5707.jpg,1,0.83916223
Malignant/6226.jpg,1,0.9780728
Malignant/6540.jpg,1,0.79718673
Malignant/6554.jpg,0,0.28087538
Malignant/6232.jpg,1,0.89424545
Malignant/6018.jpg,1,0.9958824
Malignant/6024.jpg,1,0.9894456
Malignant/6030.jpg,1,0.9799754
Malignant/6193.jpg,1,0.9141853
Malignant/6187.jpg,1,0.769281
Malignant/6178.jpg,1,0.57329047
Malignant/6150.jpg,1,0.943256
Malignant/6144.jpg,1,0.6817003
Malignant/5868.jpg,0,0.3762466
Malignant/5698.jpg,1,0.5899416
Malignant/5840.jpg,1,0.75112927
Malignant/6391.jpg,1,0.8866377
Malignant/6385.jpg,0,0.34905025
Malignant/5854.jpg,1,0.91251886
Malignant/5667.jpg,1,0.99760723
Malignant/6408.jpg,0,0.48560843
Malignant/5673.jpg,1,0.9781546
Malignant/6352.jpg,1,0.88680434
Malignant/5883.jpg,1,0.8382754
Malignant/6434.jpg,1,0.9361223
Malignant/6420.jpg,1,0.8685215
Malignant/5897.jpg,1,0.5221313
Malignant/6346.jpg,1,0.5674214
Malignant/6436.jpg,1,0.89640707
Malignant/5659.jpg,1,0.99554044
Malignant/5881.jpg,0,0.35431463
Malignant/6350.jpg,1,0.83985025
Malignant/6344.jpg,1,0.7295691
Malignant/5895.jpg,1,0.8317617
Malignant/6422.jpg,1,0.7874402
Malignant/5665.jpg,1,0.99247414
Malignant/5671.jpg,1,0.9463002
Malignant/6378.jpg,1,0.6962996
Malignant/6393.jpg,1,0.98373175
Malignant/5842.jpg,0,0.11553556
Malignant/5856.jpg,1,0.64129573
Malignant/6387.jpg,1,0.9750667
Malignant/6152.jpg,1,0.9640947
Malignant/6146.jpg,1,0.81228954
Malignant/6191.jpg,0,0.15422954
Malignant/6185.jpg,1,0.9418259
Malignant/6026.jpg,1,0.9969938
Malignant/6032.jpg,1,0.96969026
Malignant/6542.jpg,1,0.7990848
Malignant/6224.jpg,0,0.41944525
Malignant/6230.jpg,1,0.76304364
Malignant/5739.jpg,1,0.82186955
Malignant/6556.jpg,1,0.70858186
Malignant/6218.jpg,1,0.86981994
Malignant/5711.jpg,1,0.7911324
Malignant/5705.jpg,1,0.78628874
Malignant/6581.jpg,1,0.9975701
Malignant/5936.jpg,1,0.92462146
Malignant/5922.jpg,1,0.7325209
Malignant/6595.jpg,1,0.8220734
Malignant/5923.jpg,1,0.7264519
Malignant/6594.jpg,1,0.51932186
Malignant/6580.jpg,1,0.8726602
Malignant/5937.jpg,0,0.43916854
Malignant/5704.jpg,1,0.7307227
Malignant/5710.jpg,1,0.9752084
Malignant/6219.jpg,1,0.76586384
Malignant/5738.jpg,1,0.58574796
Malignant/6231.jpg,0,0.06875098
Malignant/6557.jpg,1,0.7516727
Malignant/6543.jpg,1,0.5164856
Malignant/6225.jpg,1,0.9390203
Malignant/6033.jpg,1,0.8215026
Malignant/6027.jpg,1,0.99317217
Malignant/6184.jpg,1,0.8917307
Malignant/6190.jpg,1,0.865096
Malignant/6147.jpg,0,0.47711113
Malignant/6153.jpg,0,0.4000665
Malignant/6386.jpg,1,0.9347731
Malignant/5857.jpg,1,0.6908924
Malignant/5843.jpg,1,0.6272281
Malignant/6392.jpg,1,0.8683831
Malignant/6379.jpg,1,0.9819126
Malignant/5670.jpg,1,0.9965959
Malignant/5664.jpg,1,0.9977457
Malignant/5894.jpg,1,0.93049884
Malignant/6345.jpg,1,0.7510481
Malignant/6423.jpg,1,0.9807773
Malignant/6437.jpg,1,0.9979138
Malignant/6351.jpg,1,0.8534431
Malignant/5880.jpg,1,0.8068101
Malignant/5658.jpg,1,0.9104784
Malignant/6369.jpg,1,0.9404296
Malignant/5660.jpg,1,0.98064065
Malignant/5674.jpg,1,0.9059901
Malignant/5884.jpg,1,0.6632909
Malignant/6355.jpg,1,0.7419382
Malignant/6433.jpg,1,0.897349
Malignant/6427.jpg,1,0.77548105
Malignant/6341.jpg,1,0.64895284
Malignant/5648.jpg,1,0.9862002
Malignant/5890.jpg,1,0.7470701
Malignant/6396.jpg,1,0.8478024
Malignant/5847.jpg,1,0.82958597
Malignant/5853.jpg,1,0.8611014
Malignant/6382.jpg,1,0.9889531
Malignant/6157.jpg,1,0.64268297
Malignant/6143.jpg,1,0.8249667
Malignant/6194.jpg,1,0.84946245
Malignant/6180.jpg,1,0.6868072
Malignant/6037.jpg,1,0.9964212
Malignant/5714.jpg,1,0.8471268
Malignant/5700.jpg,1,0.9540415
Malignant/6209.jpg,1,0.92338276
Malignant/5728.jpg,1,0.62717927
Malignant/6221.jpg,1,0.7754606
Malignant/6547.jpg,1,0.98001283
Malignant/6553.jpg,1,0.8400653
Malignant/6235.jpg,1,0.68774074
Malignant/5933.jpg,1,0.6061553
Malignant/6584.jpg,1,0.9017186
Malignant/6590.jpg,1,0.6134552
Malignant/5927.jpg,1,0.56332505
Malignant/6591.jpg,1,0.649022
Malignant/5926.jpg,1,0.8251749
Malignant/5932.jpg,1,0.99755114
Malignant/6585.jpg,1,0.7449578
Malignant/6552.jpg,1,0.7809531
Malignant/6234.jpg,1,0.9666616
Malignant/6220.jpg,1,0.93613046
Malignant/5729.jpg,1,0.5684001
Malignant/6546.jpg,0,0.3709832
Malignant/6208.jpg,1,0.92996657
Malignant/5701.jpg,1,0.9802823
Malignant/5715.jpg,1,0.88213825
Malignant/6036.jpg,1,0.985194
Malignant/6022.jpg,1,0.8642244
Malignant/6181.jpg,1,0.62534374
Malignant/6195.jpg,1,0.746085
Malignant/6142.jpg,0,0.40818498
Malignant/6156.jpg,0,0.1537533
Malignant/6383.jpg,1,0.90152013
Malignant/5852.jpg,1,0.78111476
Malignant/5846.jpg,1,0.73246354
Malignant/6397.jpg,1,0.8145623
Malignant/6426.jpg,1,0.982533
Malignant/5891.jpg,1,0.7534983
Malignant/5649.jpg,1,0.70349735
Malignant/6340.jpg,1,0.5436691
Malignant/6354.jpg,0,0.34842557
Malignant/5885.jpg,0,0.49534166
Malignant/6432.jpg,1,0.6576335
Malignant/5675.jpg,1,0.95132244
Malignant/5661.jpg,1,0.71400577
Malignant/6368.jpg,1,0.96666384
Malignant/5677.jpg,1,0.5335878
Malignant/6418.jpg,1,0.8931765
Malignant/5663.jpg,1,0.9428011
Malignant/6342.jpg,1,0.9237253
Malignant/5893.jpg,1,0.5867504
Malignant/6424.jpg,1,0.8411808
Malignant/6430.jpg,1,0.6916444
Malignant/5887.jpg,0,0.3154202
Malignant/6356.jpg,1,0.7118055
Malignant/5878.jpg,1,0.66097885
Malignant/5850.jpg,1,0.77168834
Malignant/5688.jpg,1,0.8991869
Malignant/6381.jpg,1,0.9134012
Malignant/6395.jpg,1,0.77158004
Malignant/5844.jpg,1,0.64939106
Malignant/6168.jpg,1,0.75311816
Malignant/6140.jpg,0,0.3858112
Malignant/6154.jpg,0,0.37801906
Malignant/6183.jpg,1,0.5765846
Malignant/6197.jpg,1,0.90832615
Malignant/6008.jpg,1,0.7264436
Malignant/6034.jpg,0,0.47935858
Malignant/6020.jpg,1,0.99228716
Malignant/5703.jpg,0,0.43753538
Malignant/6578.jpg,1,0.6807692
Malignant/5717.jpg,1,0.5910871
Malignant/6236.jpg,1,0.89106774
Malignant/6550.jpg,1,0.8236012
Malignant/6544.jpg,1,0.7591404
Malignant/6222.jpg,1,0.5546763
Malignant/5918.jpg,1,0.7197822
Malignant/5924.jpg,1,0.9035395
Malignant/6593.jpg,1,0.9561488
Malignant/6587.jpg,0,0.30606237
Malignant/5930.jpg,1,0.8871843
Malignant/6586.jpg,1,0.70171064
Malignant/5931.jpg,0,0.27177802
Malignant/5925.jpg,0,0.37796503
Malignant/6592.jpg,1,0.99724907
Malignant/5919.jpg,1,0.8668623
Malignant/6545.jpg,1,0.8127936
Malignant/6223.jpg,1,0.7498505
Malignant/6237.jpg,1,0.7737783
Malignant/6551.jpg,0,0.17622958
Malignant/6579.jpg,1,0.6658163
Malignant/5716.jpg,1,0.50115085
Malignant/5702.jpg,0,0.40443867
Malignant/6021.jpg,1,0.9550698
Malignant/6035.jpg,1,0.93724334
Malignant/6009.jpg,1,0.819136
Malignant/6196.jpg,1,0.7500625
Malignant/6182.jpg,1,0.91569173
Malignant/6155.jpg,1,0.9097
Malignant/6141.jpg,1,0.63539135
Malignant/6169.jpg,1,0.5497089
Malignant/5845.jpg,1,0.5010862
Malignant/6394.jpg,1,0.8426931
Malignant/6380.jpg,0,0.3519095
Malignant/5689.jpg,1,0.99398166
Malignant/5851.jpg,1,0.5714635
Malignant/5879.jpg,0,0.13767138
Malignant/6431.jpg,1,0.8985327
Malignant/6357.jpg,1,0.81781197
Malignant/5886.jpg,1,0.66434294
Malignant/5892.jpg,1,0.95223224
Malignant/6343.jpg,0,0.2847542
Malignant/6425.jpg,1,0.705116
Malignant/5662.jpg,1,0.7904405
Malignant/5676.jpg,1,0.9891719
Malignant/6419.jpg,0,0.4739657
Benign/6400.jpg,0,0.31503344
Benign/7078.jpg,0,0.13868387
Benign/6366.jpg,0,0.014208735
Benign/6372.jpg,0,0.0380649
Benign/6414.jpg,0,0.045718957
Benign/7044.jpg,0,0.46173838
Benign/7050.jpg,0,0.020173127
Benign/6428.jpg,0,0.02498148
Benign/6399.jpg,0,0.022400564
Benign/7087.jpg,0,0.043268427
Benign/7093.jpg,0,0.061680276
Benign/6602.jpg,0,0.15863407
Benign/6616.jpg,0,0.30697992
Benign/7246.jpg,0,0.022563495
Benign/7252.jpg,0,0.038161207
Benign/6819.jpg,0,0.1514656
Benign/7285.jpg,0,0.12417171
Benign/6825.jpg,0,0.08756849
Benign/6831.jpg,0,0.13870499
Benign/7291.jpg,0,0.03377128
Benign/6776.jpg,0,0.050206333
Benign/6762.jpg,0,0.024473563
Benign/6992.jpg,0,0.064213015
Benign/6986.jpg,0,0.12214113
Benign/6979.jpg,0,0.025180725
Benign/6951.jpg,0,0.16355477
Benign/6789.jpg,0,0.03041909
Benign/6945.jpg,0,0.115913235
Benign/6574.jpg,0,0.10556082
Benign/7118.jpg,0,0.12753662
Benign/6560.jpg,0,0.23758207
Benign/6548.jpg,0,0.036794215
Benign/7130.jpg,0,0.01769119
Benign/7124.jpg,0,0.023478312
Benign/7125.jpg,0,0.19287916
Benign/6549.jpg,0,0.35848778
Benign/7131.jpg,0,0.036199834
Benign/7119.jpg,0,0.40079638
Benign/6561.jpg,0,0.38440454
Benign/6575.jpg,0,0.06514651
Benign/6944.jpg,0,0.03265722
Benign/6788.jpg,0,0.208071
Benign/6950.jpg,0,0.061200388
Benign/6978.jpg,0,0.3261225
Benign/6987.jpg,0,0.036218442
Benign/6993.jpg,0,0.0054992824
Benign/6763.jpg,0,0.031315573
Benign/6777.jpg,0,0.014597262
Benign/6830.jpg,0,0.14270912
Benign/7290.jpg,0,0.0135929575
Benign/7284.jpg,0,0.07670714
Benign/6824.jpg,0,0.08456073
Benign/6818.jpg,0,0.02453966
Benign/7253.jpg,0,0.20272458
Benign/7247.jpg,0,0.04187255
Benign/6617.jpg,0,0.093384616
Benign/6603.jpg,0,0.08737441
Benign/7092.jpg,0,0.02330818
Benign/7086.jpg,0,0.03841682
Benign/6398.jpg,0,0.14243668
Benign/7051.jpg,0,0.011152681
Benign/6429.jpg,0,0.19294477
Benign/7045.jpg,1,0.8031671
Benign/6373.jpg,0,0.039109547
Benign/6415.jpg,0,0.082094446
Benign/6401.jpg,0,0.2654445
Benign/6367.jpg,0,0.32274702
Benign/7079.jpg,0,0.17534533
Benign/6417.jpg,0,0.38810077
Benign/6371.jpg,0,0.20733513
Benign/6365.jpg,0,0.012218862
Benign/6403.jpg,0,0.022504112
Benign/7053.jpg,0,0.016704561
Benign/7047.jpg,0,0.0563826
Benign/6359.jpg,1,0.6808764
Benign/7090.jpg,0,0.052079253
Benign/7084.jpg,0,0.06942565
Benign/6615.jpg,0,0.2503292
Benign/6601.jpg,0,0.265011
Benign/7279.jpg,0,0.17899047
Benign/7251.jpg,0,0.13513929
Benign/6629.jpg,0,0.03353315
Benign/7245.jpg,0,0.12274497
Benign/7292.jpg,0,0.082476206
Benign/6832.jpg,0,0.017710721
Benign/6826.jpg,1,0.68031013
Benign/7286.jpg,0,0.012321336
Benign/6761.jpg,0,0.010867311
Benign/6775.jpg,0,0.41127837
Benign/6985.jpg,0,0.06797592
Benign/6749.jpg,0,0.0052160267
Benign/6991.jpg,0,0.1436411
Benign/6946.jpg,0,0.018886082
Benign/6952.jpg,0,0.048641566
Benign/6563.jpg,0,0.010564032
Benign/6577.jpg,0,0.06836284
Benign/7127.jpg,0,0.088771984
Benign/7133.jpg,0,0.041876364
Benign/6588.jpg,0,0.04184022
Benign/6589.jpg,1,0.5309902
Benign/7132.jpg,0,0.07570703
Benign/7126.jpg,0,0.35652924
Benign/6576.jpg,0,0.012998351
Benign/6562.jpg,0,0.28241327
Benign/6953.jpg,0,0.08396535
Benign/6947.jpg,0,0.15946808
Benign/6990.jpg,0,0.14007708
Benign/6748.jpg,0,0.06889489
Benign/6984.jpg,0,0.028799709
Benign/6774.jpg,0,0.03488466
Benign/6760.jpg,0,0.38023397
Benign/6827.jpg,0,0.016362322
Benign/7287.jpg,0,0.03727934
Benign/7293.jpg,0,0.08882076
Benign/6833.jpg,0,0.2935522
Benign/7244.jpg,0,0.06966637
Benign/7250.jpg,0,0.4974025
Benign/6628.jpg,0,0.018896308
Benign/6600.jpg,0,0.13730401
Benign/7278.jpg,0,0.009895377
Benign/6614.jpg,0,0.39552402
Benign/7085.jpg,0,0.023029704
Benign/7091.jpg,1,0.93970853
Benign/6358.jpg,0,0.3114839
Benign/7046.jpg,0,0.114504226
Benign/7052.jpg,0,0.051420234
Benign/6364.jpg,0,0.024697125
Benign/6402.jpg,0,0.037071597
Benign/6416.jpg,0,0.1368107
Benign/6370.jpg,0,0.24053791
Benign/7056.jpg,0,0.015205434
Benign/6348.jpg,0,0.04945697
Benign/7042.jpg,0,0.051673405
Benign/6374.jpg,0,0.15415286
Benign/6412.jpg,0,0.439616
Benign/6406.jpg,0,0.029268617
Benign/6360.jpg,0,0.05372676
Benign/7095.jpg,0,0.065972306
Benign/7081.jpg,0,0.092950925
Benign/7254.jpg,0,0.03578823
Benign/7240.jpg,0,0.112651326
Benign/6638.jpg,0,0.033736125
Benign/6610.jpg,0,0.06642135
Benign/7268.jpg,0,0.021424279
Benign/6604.jpg,1,0.58508986
Benign/6837.jpg,0,0.0127078025
Benign/7297.jpg,0,0.3372716
Benign/7283.jpg,0,0.05623936
Benign/6823.jpg,1,0.6615925
Benign/6758.jpg,1,0.6959091
Benign/6980.jpg,0,0.11079747
Benign/6994.jpg,0,0.008636989
Benign/6764.jpg,0,0.17302018
Benign/6770.jpg,0,0.32414863
Benign/6943.jpg,0,0.13761798
Benign/6957.jpg,0,0.046918508
Benign/7122.jpg,0,0.031022565
Benign/7136.jpg,0,0.027841939
Benign/6566.jpg,0,0.007984232
Benign/6572.jpg,0,0.05734411
Benign/6599.jpg,1,0.8652389
Benign/6598.jpg,0,0.037585583
Benign/6573.jpg,0,0.22518557
Benign/6567.jpg,0,0.13430761
Benign/7137.jpg,0,0.12538616
Benign/7123.jpg,0,0.1891846
Benign/6956.jpg,0,0.49399066
Benign/6942.jpg,0,0.29274952
Benign/6771.jpg,0,0.20882995
Benign/6765.jpg,0,0.08509989
Benign/6995.jpg,0,0.15862095
Benign/6981.jpg,0,0.11489458
Benign/6759.jpg,0,0.06942478
Benign/7282.jpg,0,0.016933303
Benign/6822.jpg,0,0.0261477
Benign/6836.jpg,0,0.08499461
Benign/7296.jpg,0,0.017103808
Benign/6605.jpg,0,0.20542231
Benign/6611.jpg,0,0.1140426
Benign/7269.jpg,0,0.16938484
Benign/7241.jpg,0,0.009195232
Benign/6639.jpg,0,0.04292317
Benign/7255.jpg,0,0.15920389
Benign/7080.jpg,0,0.016680738
Benign/7094.jpg,0,0.078131214
Benign/6407.jpg,0,0.029124377
Benign/6361.jpg,0,0.03868686
Benign/6375.jpg,0,0.1656869
Benign/6413.jpg,0,0.053287383
Benign/7043.jpg,0,0.18445699
Benign/6349.jpg,0,0.47038084
Benign/7057.jpg,0,0.11825306
Benign/7041.jpg,0,0.23695925
Benign/6439.jpg,0,0.022031134
Benign/7055.jpg,0,0.026425336
Benign/6363.jpg,0,0.07105761
Benign/6405.jpg,0,0.15063673
Benign/6411.jpg,0,0.15287411
Benign/7069.jpg,0,0.030257706
Benign/6377.jpg,0,0.017287
Benign/7082.jpg,0,0.019875318
Benign/6388.jpg,0,0.13048005
Benign/7096.jpg,0,0.022572935
Benign/7243.jpg,0,0.2780273
Benign/7257.jpg,0,0.08909904
Benign/6607.jpg,0,0.04759624
Benign/6613.jpg,0,0.043481544
Benign/6820.jpg,0,0.047875866
Benign/7280.jpg,0,0.026698675
Benign/7294.jpg,0,0.03105584
Benign/6834.jpg,0,0.01790151
Benign/6808.jpg,0,0.053680465
Benign/6997.jpg,0,0.019940585
Benign/6983.jpg,0,0.008788948
Benign/6773.jpg,0,0.030648958
Benign/6767.jpg,0,0.04549202
Benign/6954.jpg,0,0.14004731
Benign/6940.jpg,0,0.20537414
Benign/6798.jpg,0,0.030817771
Benign/6968.jpg,0,0.039830215
Benign/7135.jpg,0,0.11727227
Benign/6559.jpg,1,0.6680124
Benign/7121.jpg,0,0.015641242
Benign/7109.jpg,0,0.10084368
Benign/6571.jpg,0,0.07928899
Benign/6565.jpg,0,0.21463595
Benign/6564.jpg,0,0.1281613
Benign/7108.jpg,0,0.26429456
Benign/6570.jpg,0,0.35351387
Benign/6558.jpg,0,0.02009495
Benign/7120.jpg,0,0.036137376
Benign/7134.jpg,0,0.034344666
Benign/6969.jpg,0,0.041285332
Benign/6799.jpg,0,0.01826646
Benign/6941.jpg,0,0.020816032
Benign/6955.jpg,0,0.084796295
Benign/6766.jpg,0,0.33466795
Benign/6772.jpg,0,0.022586064
Benign/6982.jpg,0,0.042586595
Benign/6996.jpg,0,0.0499741
Benign/6809.jpg,0,0.17206608
Benign/7295.jpg,0,0.16553412
Benign/6835.jpg,0,0.3839287
Benign/6821.jpg,0,0.24695206
Benign/7281.jpg,0,0.061630785
Benign/6612.jpg,0,0.05958635
Benign/6606.jpg,0,0.17208429
Benign/7256.jpg,0,0.46719655
Benign/7242.jpg,0,0.028365113
Benign/7097.jpg,0,0.24851394
Benign/6389.jpg,0,0.10459865
Benign/7083.jpg,0,0.07577833
Benign/6410.jpg,0,0.18870588
Benign/6376.jpg,0,0.031613395
Benign/7068.jpg,0,0.041452892
Benign/6362.jpg,0,0.06849872
Benign/6404.jpg,0,0.084618546
Benign/7054.jpg,0,0.21324337
Benign/7040.jpg,0,0.13562633
Benign/6438.jpg,0,0.062497236
Benign/6305.jpg,0,0.026284246
Benign/6463.jpg,0,0.02699132
Benign/6477.jpg,0,0.04378377
Benign/6311.jpg,0,0.49267644
Benign/7027.jpg,0,0.026984362
Benign/6339.jpg,0,0.3893293
Benign/7033.jpg,0,0.04791818
Benign/6488.jpg,0,0.24485445
Benign/6661.jpg,0,0.019264946
Benign/7219.jpg,0,0.3177862
Benign/6675.jpg,0,0.13934264
Benign/6885.jpg,0,0.102259964
Benign/7225.jpg,0,0.29400244
Benign/7231.jpg,0,0.24813487
Benign/6891.jpg,0,0.12401754
Benign/6649.jpg,0,0.41996333
Benign/6846.jpg,0,0.014365049
Benign/6852.jpg,0,0.02502848
Benign/6715.jpg,0,0.09328656
Benign/6701.jpg,1,0.6104741
Benign/6729.jpg,0,0.072331734
Benign/6932.jpg,0,0.07229147
Benign/6926.jpg,0,0.0297501
Benign/6517.jpg,0,0.045936376
Benign/6503.jpg,0,0.20453389
Benign/7153.jpg,0,0.02515079
Benign/7147.jpg,0,0.05515541
Benign/7190.jpg,0,0.12051812
Benign/7184.jpg,0,0.015491783
Benign/7185.jpg,0,0.029079305
Benign/7191.jpg,0,0.21796738
Benign/7146.jpg,0,0.027594928
Benign/7152.jpg,0,0.019991094
Benign/6502.jpg,0,0.07452853
Benign/6516.jpg,0,0.09505558
Benign/6927.jpg,0,0.12322854
Benign/6933.jpg,0,0.017858822
Benign/6728.jpg,0,0.06964457
Benign/6700.jpg,0,0.013895889
Benign/6714.jpg,0,0.015664458
Benign/6853.jpg,1,0.6712755
Benign/6847.jpg,0,0.02017173
Benign/7230.jpg,0,0.029395623
Benign/6648.jpg,0,0.01714348
Benign/6890.jpg,0,0.106234066
Benign/6884.jpg,0,0.011295634
Benign/7224.jpg,0,0.1218549
Benign/6674.jpg,0,0.013673089
Benign/6660.jpg,0,0.19571409
Benign/7218.jpg,1,0.6910889
Benign/6489.jpg,0,0.20054246
Benign/7032.jpg,0,0.03849598
Benign/6338.jpg,0,0.1931805
Benign/7026.jpg,0,0.047374897
Benign/6476.jpg,0,0.0106957005
Benign/6310.jpg,0,0.33305055
Benign/6304.jpg,0,0.092400335
Benign/6462.jpg,0,0.14927287
Benign/6312.jpg,0,0.112774886
Benign/6474.jpg,0,0.02764772
Benign/6460.jpg,0,0.07282636
Benign/7018.jpg,0,0.02603857
Benign/6306.jpg,0,0.04620311
Benign/7030.jpg,0,0.020140877
Benign/6448.jpg,0,0.035865195
Benign/7024.jpg,0,0.013052719
Benign/6676.jpg,0,0.08643349
Benign/6662.jpg,0,0.034878176
Benign/6892.jpg,0,0.22985928
Benign/7232.jpg,0,0.02504952
Benign/7226.jpg,0,0.13826244
Benign/6886.jpg,0,0.27341154
Benign/6879.jpg,0,0.06018765
Benign/6689.jpg,0,0.023829948
Benign/6851.jpg,0,0.13873251
Benign/6845.jpg,0,0.038355388
Benign/6702.jpg,0,0.1474462
Benign/6716.jpg,0,0.056718238
Benign/6919.jpg,0,0.02115045
Benign/6925.jpg,0,0.06550266
Benign/6931.jpg,0,0.025143655
Benign/7178.jpg,0,0.40657604
Benign/6500.jpg,0,0.027967293
Benign/6514.jpg,0,0.08366914
Benign/7144.jpg,1,0.5367418
Benign/6528.jpg,0,0.068817705
Benign/7150.jpg,0,0.050582044
Benign/7187.jpg,0,0.4155493
Benign/6299.jpg,1,0.5539695
Benign/7193.jpg,1,0.7227159
Benign/7192.jpg,0,0.14854062
Benign/7186.jpg,0,0.105971865
Benign/6529.jpg,0,0.4947699
Benign/7151.jpg,0,0.07923161
Benign/7145.jpg,0,0.21537797
Benign/6515.jpg,0,0.10857977
Benign/7179.jpg,0,0.033601955
Benign/6501.jpg,0,0.10977024
Benign/6930.jpg,0,0.15421362
Benign/6924.jpg,0,0.023779927
Benign/6918.jpg,0,0.1194788
Benign/6717.jpg,1,0.5884659
Benign/6703.jpg,0,0.072805256
Benign/6844.jpg,0,0.025027296
Benign/6850.jpg,0,0.08109324
Benign/6688.jpg,0,0.44921687
Benign/6878.jpg,0,0.024927733
Benign/7227.jpg,0,0.01870509
Benign/6887.jpg,0,0.066014
Benign/6893.jpg,0,0.027795138
Benign/7233.jpg,0,0.008246644
Benign/6663.jpg,0,0.041409034
Benign/6677.jpg,0,0.0574731
Benign/7025.jpg,0,0.077604815
Benign/7031.jpg,0,0.28034505
Benign/6449.jpg,0,0.066407904
Benign/6461.jpg,0,0.12477735
Benign/6307.jpg,1,0.63934004
Benign/7019.jpg,0,0.10405816
Benign/6313.jpg,0,0.03404494
Benign/6475.jpg,0,0.09299713
Benign/7035.jpg,0,0.010864912
Benign/7021.jpg,0,0.01833229
Benign/6459.jpg,0,0.082589544
Benign/6471.jpg,0,0.13150017
Benign/7009.jpg,0,0.015575273
Benign/6317.jpg,0,0.025487516
Benign/6303.jpg,0,0.016259536
Benign/6465.jpg,0,0.021697298
Benign/7237.jpg,0,0.017280715
Benign/6897.jpg,0,0.05583802
Benign/6883.jpg,0,0.36014462
Benign/7223.jpg,0,0.019752717
Benign/6673.jpg,0,0.11573284
Benign/6667.jpg,0,0.35321915
Benign/6854.jpg,0,0.13199192
Benign/6698.jpg,0,0.02596798
Benign/6840.jpg,0,0.30407283
Benign/6868.jpg,0,0.17898883
Benign/6707.jpg,0,0.027856093
Benign/6713.jpg,0,0.41595867
Benign/6920.jpg,0,0.06516004
Benign/6934.jpg,0,0.28525037
Benign/6908.jpg,0,0.00548834
Benign/6539.jpg,0,0.06446222
Benign/7141.jpg,0,0.041707844
Benign/7155.jpg,0,0.2533324
Benign/6505.jpg,0,0.03039242
Benign/7169.jpg,1,0.7324724
Benign/6511.jpg,1,0.6375018
Benign/7182.jpg,0,0.15584365
Benign/7196.jpg,0,0.028467167
Benign/7197.jpg,0,0.08130323
Benign/7183.jpg,0,0.13055639
Benign/7168.jpg,0,0.16149095
Benign/6510.jpg,0,0.37699693
Benign/6504.jpg,0,0.07105009
Benign/7154.jpg,1,0.7603483
Benign/6538.jpg,0,0.021974264
Benign/7140.jpg,0,0.047472276
Benign/6909.jpg,0,0.049022548
Benign/6935.jpg,0,0.093191944
Benign/6921.jpg,0,0.005176284
Benign/6712.jpg,0,0.16901976
Benign/6706.jpg,1,0.611712
Benign/6869.jpg,0,0.0638944
Benign/6841.jpg,0,0.08987671
Benign/6699.jpg,0,0.022798987
Benign/6855.jpg,0,0.17934142
Benign/6666.jpg,0,0.050867587
Benign/6672.jpg,0,0.059790798
Benign/6882.jpg,0,0.21102245
Benign/7222.jpg,0,0.4632273
Benign/7236.jpg,0,0.023624051
Benign/6896.jpg,0,0.13545862
Benign/6302.jpg,1,0.5204149
Benign/6464.jpg,0,0.28150856
Benign/6470.jpg,0,0.032116238
Benign/6316.jpg,0,0.04579391
Benign/7008.jpg,0,0.12169997
Benign/7020.jpg,0,0.017062582
Benign/6458.jpg,0,0.06286555
Benign/7034.jpg,0,0.16734385
Benign/7022.jpg,0,0.056270763
Benign/7036.jpg,0,0.013913464
Benign/6328.jpg,0,0.05221327
Benign/6466.jpg,1,0.5249208
Benign/6300.jpg,0,0.04673953
Benign/6314.jpg,0,0.029929727
Benign/6472.jpg,0,0.43943307
Benign/6499.jpg,0,0.053908993
Benign/7220.jpg,0,0.15078823
Benign/6880.jpg,1,0.7345215
Benign/6658.jpg,0,0.13094175
Benign/6894.jpg,0,0.028957546
Benign/7234.jpg,0,0.042111613
Benign/6664.jpg,1,0.6084817
Benign/6670.jpg,0,0.04395302
Benign/7208.jpg,0,0.35929608
Benign/6843.jpg,0,0.07250349
Benign/6857.jpg,0,0.20035844
Benign/6738.jpg,0,0.10151914
Benign/6710.jpg,0,0.16688043
Benign/6704.jpg,0,0.014022442
Benign/6937.jpg,1,0.7837022
Benign/6923.jpg,0,0.08911608
Benign/7156.jpg,0,0.45210215
Benign/7142.jpg,0,0.10864347
Benign/6512.jpg,0,0.23586996
Benign/6506.jpg,0,0.00932997
Benign/7195.jpg,0,0.16528647
Benign/7181.jpg,1,0.6835994
Benign/7180.jpg,0,0.05855221
Benign/7194.jpg,0,0.028561678
Benign/6507.jpg,0,0.01766418
Benign/6513.jpg,0,0.011167137
Benign/7143.jpg,0,0.41073525
Benign/7157.jpg,1,0.6939732
Benign/6922.jpg,0,0.014449441
Benign/6936.jpg,0,0.16889371
Benign/6705.jpg,0,0.026727436
Benign/6711.jpg,0,0.05014768
Benign/6739.jpg,0,0.1323257
Benign/6856.jpg,0,0.07348223
Benign/6842.jpg,0,0.072150566
Benign/6671.jpg,0,0.029228296
Benign/7209.jpg,0,0.039293125
Benign/6665.jpg,0,0.034055505
Benign/6895.jpg,0,0.3020557
Benign/7235.jpg,0,0.03451743
Benign/7221.jpg,0,0.25168386
Benign/6659.jpg,0,0.03354893
Benign/6881.jpg,0,0.083303936
Benign/6498.jpg,0,0.03423556
Benign/6315.jpg,0,0.06272992
Benign/6473.jpg,1,0.5749834
Benign/6467.jpg,0,0.4499802
Benign/6301.jpg,0,0.19305511
Benign/6329.jpg,0,0.123535
Benign/7037.jpg,0,0.12052786
Benign/7023.jpg,0,0.013544413
Benign/6324.jpg,0,0.024117798
Benign/6442.jpg,0,0.04667515
Benign/6456.jpg,0,0.008545875
Benign/6330.jpg,0,0.40273336
Benign/7006.jpg,0,0.17541526
Benign/6318.jpg,0,0.018254304
Benign/7012.jpg,1,0.70981485
Benign/6481.jpg,0,0.026689755
Benign/6495.jpg,0,0.09385702
Benign/6898.jpg,1,0.7125763
Benign/6640.jpg,1,0.8316738
Benign/7238.jpg,0,0.16781177
Benign/6654.jpg,0,0.25713283
Benign/7204.jpg,0,0.014568271
Benign/7210.jpg,0,0.027474761
Benign/6668.jpg,0,0.06277394
Benign/6683.jpg,0,0.01004622
Benign/6697.jpg,0,0.043661065
Benign/6867.jpg,0,0.12995425
Benign/6873.jpg,0,0.06640653
Benign/6734.jpg,0,0.16202326
Benign/6720.jpg,0,0.030608723
Benign/6708.jpg,0,0.023525275
Benign/6913.jpg,0,0.0361451
Benign/6907.jpg,0,0.03703186
Benign/6536.jpg,0,0.09932801
Benign/6522.jpg,0,0.40662304
Benign/7172.jpg,0,0.04025207
Benign/7166.jpg,0,0.028302992
Benign/7199.jpg,0,0.016980518
Benign/7198.jpg,0,0.016063463
Benign/7167.jpg,0,0.48717996
Benign/7173.jpg,0,0.03836871
Benign/6523.jpg,0,0.05379661
Benign/6537.jpg,0,0.15523736
Benign/6906.jpg,0,0.48604095
Benign/6912.jpg,0,0.30912367
Benign/6709.jpg,0,0.031322796
Benign/6721.jpg,0,0.41972178
Benign/6735.jpg,0,0.48192367
Benign/6872.jpg,0,0.15487908
Benign/6866.jpg,0,0.3109489
Benign/6696.jpg,0,0.050913762
Benign/6682.jpg,0,0.23002961
Benign/7211.jpg,0,0.019007642
Benign/6669.jpg,0,0.19694906
Benign/7205.jpg,0,0.017082738
Benign/6655.jpg,0,0.018117465
Benign/6641.jpg,0,0.03912061
Benign/6899.jpg,0,0.016719772
Benign/7239.jpg,0,0.021398304
Benign/6494.jpg,0,0.22686191
Benign/6480.jpg,0,0.005411913
Benign/7013.jpg,0,0.014636768
Benign/6319.jpg,0,0.04039421
Benign/7007.jpg,0,0.34842628
Benign/6457.jpg,0,0.08388826
Benign/6331.jpg,0,0.07432518
Benign/6325.jpg,0,0.010877238
Benign/6443.jpg,0,0.012487911
Benign/6333.jpg,0,0.022023277
Benign/6455.jpg,0,0.3284446
Benign/6441.jpg,0,0.1597938
Benign/7039.jpg,0,0.16496694
Benign/6327.jpg,0,0.2830286
Benign/7011.jpg,0,0.037108365
Benign/6469.jpg,0,0.031181462
Benign/7005.jpg,0,0.09404631
Benign/6496.jpg,0,0.08585373
Benign/6482.jpg,0,0.015122878
Benign/6657.jpg,0,0.062075052
Benign/6643.jpg,0,0.06971786
Benign/7213.jpg,0,0.19529785
Benign/7207.jpg,0,0.31842095
Benign/6694.jpg,0,0.15098974
Benign/6680.jpg,0,0.30834618
Benign/6858.jpg,0,0.020475268
Benign/6870.jpg,0,0.10963163
Benign/6864.jpg,0,0.028356474
Benign/6723.jpg,0,0.037491787
Benign/6737.jpg,0,0.050884828
Benign/6938.jpg,0,0.022736449
Benign/6904.jpg,0,0.48920175
Benign/6910.jpg,0,0.011636903
Benign/7159.jpg,0,0.14185695
Benign/6521.jpg,0,0.30379573
Benign/6535.jpg,0,0.09358295
Benign/7165.jpg,0,0.1046242
Benign/6509.jpg,0,0.05973794
Benign/7171.jpg,0,0.055979356
Benign/6508.jpg,1,0.6167556
Benign/7170.jpg,0,0.041713417
Benign/7164.jpg,0,0.028141765
Benign/6534.jpg,0,0.017327338
Benign/7158.jpg,0,0.26327476
Benign/6520.jpg,0,0.0157493
Benign/6911.jpg,0,0.13535644
Benign/6905.jpg,0,0.12133399
Benign/6939.jpg,0,0.020466316
Benign/6736.jpg,0,0.050616797
Benign/6722.jpg,0,0.101018034
Benign/6865.jpg,0,0.052623067
Benign/6871.jpg,0,0.044460654
Benign/6859.jpg,0,0.023907429
Benign/6681.jpg,0,0.065153986
Benign/6695.jpg,0,0.31469554
Benign/7206.jpg,1,0.5018234
Benign/7212.jpg,0,0.04117643
Benign/6642.jpg,0,0.05363192
Benign/6656.jpg,0,0.07017597
Benign/6483.jpg,0,0.048840497
Benign/6497.jpg,0,0.03126684
Benign/7004.jpg,0,0.39116672
Benign/7010.jpg,0,0.009203616
Benign/6468.jpg,0,0.017195942
Benign/6440.jpg,0,0.052005585
Benign/6326.jpg,0,0.053588133
Benign/7038.jpg,0,0.062005423
Benign/6332.jpg,0,0.036238354
Benign/6454.jpg,0,0.12884916
Benign/7014.jpg,0,0.08573114
Benign/7000.jpg,0,0.009309657
Benign/6478.jpg,0,0.33245835
Benign/6450.jpg,0,0.122356646
Benign/7028.jpg,0,0.009691849
Benign/6336.jpg,0,0.015190546
Benign/6322.jpg,0,0.06798269
Benign/6444.jpg,0,0.262717
Benign/6493.jpg,0,0.2401935
Benign/6487.jpg,0,0.09477894
Benign/7216.jpg,0,0.022298887
Benign/7202.jpg,0,0.028085673
Benign/6652.jpg,0,0.043936033
Benign/6646.jpg,0,0.07787213
Benign/6875.jpg,0,0.17316855
Benign/6861.jpg,0,0.14319529
Benign/6691.jpg,0,0.39024344
Benign/6849.jpg,0,0.15529741
Benign/6685.jpg,0,0.014130045
Benign/6726.jpg,0,0.07962135
Benign/6732.jpg,0,0.048850887
Benign/6901.jpg,0,0.14756662
Benign/6915.jpg,0,0.081270434
Benign/6929.jpg,1,0.77891535
Benign/6518.jpg,1,0.8204516
Benign/7160.jpg,0,0.052367296
Benign/7174.jpg,0,0.35555738
Benign/7148.jpg,0,0.062251557
Benign/6530.jpg,0,0.017657975
Benign/7149.jpg,0,0.18741563
Benign/6531.jpg,0,0.04361836
Benign/6525.jpg,0,0.45512733
Benign/7175.jpg,0,0.1097524
Benign/6519.jpg,0,0.022027832
Benign/7161.jpg,0,0.031018227
Benign/6928.jpg,0,0.0252095
Benign/6914.jpg,0,0.004944737
Benign/6900.jpg,0,0.18859416
Benign/6733.jpg,0,0.032525927
Benign/6727.jpg,0,0.0357402
Benign/6684.jpg,0,0.18873651
Benign/6848.jpg,0,0.13929592
Benign/6690.jpg,0,0.36993518
Benign/6860.jpg,0,0.0950028
Benign/6874.jpg,0,0.10866813
Benign/6647.jpg,1,0.5505965
Benign/6653.jpg,0,0.08390208
Benign/7203.jpg,0,0.098904096
Benign/7217.jpg,0,0.052525137
Benign/6486.jpg,0,0.3705364
Benign/6492.jpg,0,0.25650007
Benign/6323.jpg,0,0.054071106
Benign/6445.jpg,1,0.57095
Benign/6451.jpg,0,0.014508024
Benign/6337.jpg,0,0.15286495
Benign/7029.jpg,0,0.1421708
Benign/7001.jpg,0,0.027761413
Benign/6479.jpg,0,0.025803363
Benign/7015.jpg,0,0.024460278
Benign/7003.jpg,0,0.18499711
Benign/7017.jpg,0,0.0789797
Benign/6309.jpg,0,0.014819789
Benign/6447.jpg,0,0.04497396
Benign/6321.jpg,0,0.03633564
Benign/6335.jpg,0,0.02150265
Benign/6453.jpg,0,0.030138493
Benign/6484.jpg,0,0.14229906
Benign/6490.jpg,0,0.02666712
Benign/7201.jpg,0,0.014297516
Benign/6679.jpg,0,0.018557504
Benign/7215.jpg,0,0.08081361
Benign/6645.jpg,0,0.26828188
Benign/6889.jpg,0,0.10511219
Benign/6651.jpg,0,0.020232173
Benign/7229.jpg,0,0.13878335
Benign/6862.jpg,0,0.13434729
Benign/6876.jpg,0,0.4269723
Benign/6686.jpg,0,0.03372671
Benign/6692.jpg,0,0.011385771
Benign/6719.jpg,0,0.029306995
Benign/6731.jpg,0,0.18723714
Benign/6725.jpg,0,0.041162357
Benign/6916.jpg,0,0.05164416
Benign/6902.jpg,1,0.8352424
Benign/7177.jpg,0,0.01759809
Benign/7163.jpg,0,0.06267254
Benign/6533.jpg,0,0.011092232
Benign/6527.jpg,0,0.046948925
Benign/7188.jpg,0,0.098251425
Benign/7189.jpg,0,0.13228351
Benign/6526.jpg,0,0.29589146
Benign/6532.jpg,0,0.038928084
Benign/7162.jpg,0,0.058029268
Benign/7176.jpg,0,0.042591635
Benign/6903.jpg,0,0.03314471
Benign/6917.jpg,0,0.14060888
Benign/6724.jpg,0,0.22771433
Benign/6730.jpg,0,0.052264124
Benign/6718.jpg,1,0.5707781
Benign/6693.jpg,0,0.020639861
Benign/6687.jpg,1,0.5885775
Benign/6877.jpg,0,0.011782373
Benign/6863.jpg,0,0.081706256
Benign/6650.jpg,0,0.2812495
Benign/6888.jpg,0,0.10220487
Benign/7228.jpg,0,0.23337467
Benign/6644.jpg,0,0.041288745
Benign/7214.jpg,0,0.14631613
Benign/7200.jpg,0,0.045235667
Benign/6678.jpg,0,0.020658249
Benign/6491.jpg,0,0.03586048
Benign/6485.jpg,0,0.09991351
Benign/6334.jpg,0,0.10501233
Benign/6452.jpg,0,0.086278096
Benign/6446.jpg,1,0.51754
Benign/6320.jpg,0,0.057203438
Benign/6308.jpg,0,0.22153191
Benign/7016.jpg,0,0.016984448
Benign/7002.jpg,0,0.017811747
Benign/6421.jpg,0,0.01179002
Benign/7059.jpg,0,0.12678665
Benign/6347.jpg,0,0.07806797
Benign/6353.jpg,0,0.03692675
Benign/6435.jpg,0,0.3435796
Benign/7065.jpg,0,0.09154445
Benign/7071.jpg,0,0.017802345
Benign/6409.jpg,0,0.015196624
Benign/6384.jpg,0,0.08823986
Benign/6390.jpg,0,0.08045527
Benign/6623.jpg,1,0.9199082
Benign/6637.jpg,0,0.0051503964
Benign/7267.jpg,0,0.023742665
Benign/7273.jpg,0,0.1364969
Benign/7298.jpg,0,0.27075627
Benign/6838.jpg,1,0.7272819
Benign/6804.jpg,1,0.5721627
Benign/6810.jpg,0,0.044076707
Benign/6757.jpg,0,0.10083625
Benign/6743.jpg,0,0.0263615
Benign/6794.jpg,0,0.010656774
Benign/6958.jpg,0,0.04431521
Benign/6780.jpg,0,0.018670663
Benign/6970.jpg,0,0.19931954
Benign/6964.jpg,0,0.055457525
Benign/6555.jpg,0,0.10501556
Benign/7139.jpg,0,0.37194976
Benign/6541.jpg,0,0.36425886
Benign/6569.jpg,0,0.036890715
Benign/7111.jpg,0,0.03048983
Benign/7105.jpg,0,0.09429007
Benign/6596.jpg,0,0.006895206
Benign/6582.jpg,0,0.029091284
Benign/6583.jpg,0,0.13766181
Benign/6597.jpg,0,0.34993955
Benign/7104.jpg,0,0.038352456
Benign/6568.jpg,0,0.016657671
Benign/7110.jpg,1,0.6292814
Benign/7138.jpg,0,0.014153032
Benign/6540.jpg,0,0.024304338
Benign/6554.jpg,0,0.26065224
Benign/6965.jpg,1,0.5964669
Benign/6971.jpg,0,0.19563156
Benign/6781.jpg,0,0.020076586
Benign/6959.jpg,0,0.040410604
Benign/6795.jpg,0,0.13241805
Benign/6742.jpg,0,0.12679642
Benign/6756.jpg,0,0.018901236
Benign/6811.jpg,0,0.1363968
Benign/6805.jpg,0,0.053260665
Benign/7299.jpg,0,0.1722983
Benign/6839.jpg,0,0.017109757
Benign/7272.jpg,0,0.497083
Benign/7266.jpg,0,0.028630614
Benign/6636.jpg,0,0.14277482
Benign/6622.jpg,0,0.029468266
Benign/6391.jpg,0,0.0924023
Benign/6385.jpg,0,0.2046259
Benign/7070.jpg,0,0.014714339
Benign/6408.jpg,1,0.52613896
Benign/7064.jpg,0,0.10690897
Benign/6352.jpg,0,0.18213448
Benign/6434.jpg,0,0.101004295
Benign/6420.jpg,0,0.028878078
Benign/6346.jpg,0,0.17617448
Benign/7058.jpg,0,0.023830658
Benign/6436.jpg,0,0.34549144
Benign/6350.jpg,0,0.08428133
Benign/6344.jpg,0,0.057334296
Benign/6422.jpg,0,0.038456738
Benign/7072.jpg,0,0.06173705
Benign/7066.jpg,0,0.17162046
Benign/6378.jpg,0,0.014308394
Benign/6393.jpg,0,0.40777767
Benign/6387.jpg,0,0.1722985
Benign/7099.jpg,0,0.008257345
Benign/6634.jpg,0,0.05703035
Benign/6620.jpg,0,0.025247024
Benign/7258.jpg,0,0.033119846
Benign/7270.jpg,0,0.49453703
Benign/6608.jpg,0,0.06630499
Benign/7264.jpg,0,0.07352594
Benign/6813.jpg,1,0.6036957
Benign/6807.jpg,0,0.11761346
Benign/6740.jpg,0,0.03530089
Benign/6998.jpg,0,0.16597877
Benign/6754.jpg,0,0.24713776
Benign/6768.jpg,0,0.026843695
Benign/6783.jpg,0,0.12292909
Benign/6797.jpg,0,0.039986067
Benign/6967.jpg,0,0.05263176
Benign/6973.jpg,0,0.19013856
Benign/6542.jpg,0,0.07434233
Benign/6556.jpg,0,0.043762878
Benign/7106.jpg,0,0.026779862
Benign/7112.jpg,0,0.42536852
Benign/6581.jpg,0,0.061795037
Benign/6595.jpg,0,0.2695621
Benign/6594.jpg,0,0.43026203
Benign/6580.jpg,0,0.16692579
Benign/7113.jpg,0,0.009566127
Benign/7107.jpg,0,0.014420746
Benign/6557.jpg,0,0.04344329
Benign/6543.jpg,0,0.14384565
Benign/6972.jpg,0,0.2441054
Benign/6966.jpg,0,0.20162518
Benign/6796.jpg,0,0.01028105
Benign/6782.jpg,0,0.06148797
Benign/6769.jpg,0,0.026599105
Benign/6755.jpg,0,0.31262535
Benign/6999.jpg,0,0.18193243
Benign/6741.jpg,0,0.030030081
Benign/6806.jpg,0,0.097025685
Benign/6812.jpg,0,0.009872694
Benign/7265.jpg,0,0.0265539
Benign/7271.jpg,0,0.10010036
Benign/6609.jpg,1,0.5140402
Benign/6621.jpg,1,0.67720884
Benign/7259.jpg,0,0.016787268
Benign/6635.jpg,0,0.151849
Benign/7098.jpg,0,0.17557234
Benign/6386.jpg,0,0.058252484
Benign/6392.jpg,0,0.06268865
Benign/6379.jpg,0,0.013641057
Benign/7067.jpg,0,0.10689423
Benign/7073.jpg,0,0.12748213
Benign/6345.jpg,1,0.50934863
Benign/6423.jpg,0,0.22238779
Benign/6437.jpg,0,0.13057873
Benign/6351.jpg,0,0.141152
Benign/7077.jpg,0,0.44727296
Benign/6369.jpg,0,0.031565513
Benign/7063.jpg,0,0.010142162
Benign/6355.jpg,0,0.05065081
Benign/6433.jpg,0,0.050560903
Benign/6427.jpg,0,0.05718337
Benign/6341.jpg,0,0.028111394
Benign/6396.jpg,0,0.045371063
Benign/7088.jpg,0,0.2416361
Benign/6382.jpg,0,0.106590144
Benign/7275.jpg,0,0.46926278
Benign/7261.jpg,0,0.19380198
Benign/6619.jpg,0,0.025384484
Benign/6631.jpg,0,0.07959766
Benign/7249.jpg,0,0.48669547
Benign/6625.jpg,0,0.016568283
Benign/6816.jpg,0,0.0157772
Benign/6802.jpg,0,0.25413463
Benign/6779.jpg,0,0.16344236
Benign/6745.jpg,0,0.057371017
Benign/6751.jpg,0,0.015702646
Benign/6989.jpg,0,0.061723154
Benign/6962.jpg,0,0.04547957
Benign/6976.jpg,0,0.29095942
Benign/6786.jpg,0,0.013488957
Benign/6792.jpg,0,0.3225802
Benign/7103.jpg,0,0.2789961
Benign/7117.jpg,0,0.008870998
Benign/6547.jpg,0,0.037175912
Benign/6553.jpg,0,0.39436826
Benign/6584.jpg,0,0.23743148
Benign/6590.jpg,0,0.38279405
Benign/6591.jpg,0,0.048751667
Benign/6585.jpg,0,0.037076082
Benign/6552.jpg,0,0.05627708
Benign/6546.jpg,0,0.026284112
Benign/7116.jpg,0,0.31081805
Benign/7102.jpg,0,0.14542465
Benign/6793.jpg,0,0.026331529
Benign/6787.jpg,0,0.022977797
Benign/6977.jpg,0,0.18426396
Benign/6963.jpg,0,0.043001134
Benign/6988.jpg,0,0.050517235
Benign/6750.jpg,0,0.019750845
Benign/6744.jpg,0,0.008469451
Benign/6778.jpg,0,0.35404655
Benign/7300.jpg,0,0.034167103
Benign/6803.jpg,0,0.10401012
Benign/6817.jpg,0,0.19847216
Benign/6624.jpg,0,0.14198245
Benign/6630.jpg,0,0.07290237
Benign/7248.jpg,0,0.1335921
Benign/6618.jpg,0,0.056619562
Benign/7274.jpg,0,0.16741319
Benign/6383.jpg,0,0.036366656
Benign/7089.jpg,0,0.10871941
Benign/6397.jpg,0,0.2281789
Benign/6426.jpg,0,0.48590696
Benign/6340.jpg,0,0.20268749
Benign/6354.jpg,0,0.021452682
Benign/6432.jpg,0,0.0468949
Benign/7062.jpg,0,0.44061077
Benign/6368.jpg,0,0.023531662
Benign/7076.jpg,0,0.027680248
Benign/7060.jpg,0,0.06786717
Benign/6418.jpg,0,0.011681398
Benign/7074.jpg,0,0.08417535
Benign/6342.jpg,0,0.06041176
Benign/6424.jpg,0,0.10763031
Benign/6430.jpg,0,0.019220727
Benign/7048.jpg,0,0.082300246
Benign/6356.jpg,0,0.12168876
Benign/6381.jpg,0,0.075779855
Benign/6395.jpg,0,0.06483608
Benign/7262.jpg,0,0.20737582
Benign/7276.jpg,0,0.21264005
Benign/6626.jpg,0,0.1504384
Benign/6632.jpg,0,0.40796387
Benign/6801.jpg,0,0.027381787
Benign/6815.jpg,0,0.23712848
Benign/7289.jpg,0,0.1468747
Benign/6829.jpg,0,0.014018053
Benign/6752.jpg,1,0.9791988
Benign/6746.jpg,0,0.052772984
Benign/6975.jpg,0,0.026489578
Benign/6961.jpg,0,0.18268543
Benign/6949.jpg,0,0.1140119
Benign/6791.jpg,0,0.4353953
Benign/6785.jpg,0,0.104989246
Benign/7114.jpg,0,0.13407153
Benign/6578.jpg,0,0.022549734
Benign/7100.jpg,1,0.68157774
Benign/7128.jpg,0,0.03330721
Benign/6550.jpg,0,0.09660172
Benign/6544.jpg,0,0.049040537
Benign/6593.jpg,0,0.2781762
Benign/6587.jpg,0,0.020329658
Benign/6586.jpg,0,0.2440433
Benign/6592.jpg,1,0.51902837
Benign/6545.jpg,0,0.033827808
Benign/7129.jpg,0,0.08189446
Benign/6551.jpg,0,0.3485326
Benign/6579.jpg,0,0.32672
Benign/7101.jpg,0,0.12956357
Benign/7115.jpg,1,0.62934816
Benign/6784.jpg,0,0.40013677
Benign/6790.jpg,0,0.090311274
Benign/6948.jpg,0,0.01660901
Benign/6960.jpg,0,0.019294476
Benign/6974.jpg,0,0.1718469
Benign/6747.jpg,0,0.08575577
Benign/6753.jpg,0,0.07840038
Benign/7288.jpg,0,0.083847135
Benign/6828.jpg,0,0.38982388
Benign/6814.jpg,0,0.13353051
Benign/6800.jpg,0,0.079594366
Benign/6633.jpg,0,0.3287092
Benign/6627.jpg,0,0.48108146
Benign/7277.jpg,1,0.6596644
Benign/7263.jpg,0,0.05973259
Benign/6394.jpg,0,0.032931466
Benign/6380.jpg,0,0.15794344
Benign/6431.jpg,0,0.16432922
Benign/6357.jpg,0,0.27737302
Benign/7049.jpg,0,0.011806026
Benign/6343.jpg,0,0.16008079
Benign/6425.jpg,0,0.07713908
Benign/7075.jpg,0,0.032122537
Benign/7061.jpg,0,0.2511596
Benign/6419.jpg,0,0.28947303
